# Compared all 458 spines; only the 163 changed fingerprints are listed.
spine	before_pages	after_pages	before_fragments	after_fragments	before_first	after_first	before_last	after_last	before_sha	after_sha
15	24	24	852	852	19.25,257.49,340.00,22.10|274.39|6c5c8508	19.25,257.49,340.00,22.10|274.39|6c5c8508	37.66,255.10,177.65,22.10|271.60|4a74da37	37.66,255.10,177.65,22.10|271.60|4a74da37	62a3f6d9df3cc11c	eee20d2a6829aabd
19	23	23	835	835	19.25,257.49,346.46,23.80|275.51|9f16f1b1	19.25,257.49,346.46,23.80|275.51|9f16f1b1	37.66,586.60,215.18,22.10|603.10|1b657007	37.66,586.60,215.18,22.10|603.10|1b657007	4d190f8c45f69ba4	dea7acc33da9920b
21	15	15	521	521	19.25,257.49,311.81,23.80|275.51|c02273d0	19.25,257.49,311.81,23.80|275.51|c02273d0	37.66,343.50,290.70,22.10|360.00|1f9c0ff8	37.66,343.50,290.70,22.10|360.00|1f9c0ff8	1896cc6269cc73fc	0f0270a1788a55bd
23	29	29	1005	1005	19.25,257.49,346.46,23.80|275.51|2b23d450	19.25,257.49,346.46,23.80|275.51|2b23d450	37.66,233.00,209.95,22.10|249.50|07f96915	37.66,233.00,209.95,22.10|249.50|07f96915	6375c52108b4e34c	6d7b5b8d54009927
29	14	14	450	450	19.25,257.49,311.81,23.80|275.51|a7dea468	19.25,257.49,311.81,23.80|275.51|a7dea468	37.66,520.30,96.90,22.10|536.80|eeed701e	37.66,520.30,96.90,22.10|536.80|eeed701e	ae5b54f882a415b2	07c1c33b52d71034
33	10	10	317	317	19.25,257.49,346.46,23.80|275.51|1f051d79	19.25,257.49,346.46,23.80|275.51|1f051d79	37.66,630.80,290.70,22.10|647.30|47e1ed86	37.66,630.80,290.70,22.10|647.30|47e1ed86	8137b751aa6c932a	b1224355a3128673
35	12	12	385	385	19.25,257.49,346.46,23.80|275.51|528b30fd	19.25,257.49,346.46,23.80|275.51|528b30fd	37.66,277.20,113.05,22.10|293.70|d6c7592a	37.66,277.20,113.05,22.10|293.70|d6c7592a	3bf94092741afba5	3e3c87927c8ec214
41	14	14	487	487	19.25,257.49,329.14,23.80|275.51|0a0657d4	19.25,257.49,329.14,23.80|275.51|0a0657d4	37.66,630.80,258.40,22.10|647.30|3aad480e	37.66,630.80,258.40,22.10|647.30|3aad480e	77c839d958266c91	ace0a9e53fa4ec7a
43	11	11	368	368	19.25,257.49,346.46,23.80|275.51|3a9364b9	19.25,257.49,346.46,23.80|275.51|3a9364b9	37.66,299.30,161.50,22.10|315.80|aee5b1c1	37.66,299.30,161.50,22.10|315.80|aee5b1c1	4d514e2e241a8c1a	90dadefb75c1f084
47	43	43	1513	1513	19.25,257.49,346.46,23.80|275.51|735f2bbd	19.25,257.49,346.46,23.80|275.51|735f2bbd	37.66,763.40,64.60,22.10|779.90|2001c869	37.66,763.40,64.60,22.10|779.90|2001c869	6300a6889e80e107	94539f05905697c5
49	18	18	596	596	19.25,257.49,346.46,23.80|275.51|772c96a6	19.25,257.49,346.46,23.80|275.51|772c96a6	37.66,365.60,80.75,22.10|382.10|2a688f71	37.66,365.60,80.75,22.10|382.10|2a688f71	0432cab3d4730c39	523de4562d502d80
53	13	13	457	457	19.25,257.49,346.46,23.80|275.51|92edab6f	19.25,257.49,346.46,23.80|275.51|92edab6f	37.66,763.40,290.70,22.10|779.90|5c2cff48	37.66,763.40,290.70,22.10|779.90|5c2cff48	f4708ed5bc54aa0b	176fb6536a9f5d69
55	20	20	663	663	19.25,257.49,346.46,23.80|275.51|3ce38a29	19.25,257.49,346.46,23.80|275.51|3ce38a29	37.66,255.10,64.60,22.10|271.60|56f86e8a	37.66,255.10,64.60,22.10|271.60|56f86e8a	e8e8c0855d744131	75af8c31af39d76d
57	15	15	477	477	19.25,257.49,346.46,23.80|275.51|1ea9ac33	19.25,257.49,346.46,23.80|275.51|1ea9ac33	37.66,78.30,113.05,22.10|94.80|be24e42e	37.66,78.30,113.05,22.10|94.80|be24e42e	ec3eb9747ad61c2c	cfbec3cbb84ca42f
69	17	17	560	560	19.25,257.49,329.14,23.80|275.51|712da70c	19.25,257.49,329.14,23.80|275.51|712da70c	37.66,365.60,161.50,22.10|382.10|45431a1f	37.66,365.60,161.50,22.10|382.10|45431a1f	cb159ba72ec83951	714fceeff2464ace
71	11	11	347	347	19.25,257.49,346.46,23.80|275.51|441cc0fc	19.25,257.49,346.46,23.80|275.51|441cc0fc	69.47,476.10,227.04,22.10|493.45|6a875916	69.47,476.10,227.04,22.10|493.45|6a875916	2b65e3c41336a457	12aa25f88cef61db
97	14	14	444	444	19.25,257.49,346.46,23.80|275.51|2a5f4318	19.25,257.49,346.46,23.80|275.51|2a5f4318	37.66,144.60,258.40,22.10|161.10|7b0dded3	37.66,144.60,258.40,22.10|161.10|7b0dded3	9e90c7189cdd1d57	e15bd9ce73dafef3
99	12	12	401	401	19.25,257.49,337.23,23.80|275.51|eeab3c1e	19.25,257.49,337.23,23.80|275.51|eeab3c1e	37.66,785.50,274.55,22.10|802.00|4e4da819	37.66,785.50,274.55,22.10|802.00|4e4da819	1dd2200e22e67705	d6617508b7558ed4
101	17	17	562	562	19.25,257.49,138.58,23.80|275.51|860e9cdb	19.25,257.49,138.58,23.80|275.51|860e9cdb	37.66,100.40,32.30,22.10|116.90|002c2b82	37.66,100.40,32.30,22.10|116.90|002c2b82	9a5d24f309d913c3	64d86116f1ca8008
111	25	25	765	765	19.25,257.49,323.44,23.80|275.51|659be91f	19.25,257.49,323.44,23.80|275.51|659be91f	37.66,763.40,80.75,22.10|779.90|7332cd14	37.66,763.40,80.75,22.10|779.90|7332cd14	617987a1576d1ecd	33d46fb1d6d79d3b
113	18	18	629	629	19.25,257.49,329.14,23.80|275.51|5b0c769e	19.25,257.49,329.14,23.80|275.51|5b0c769e	37.66,586.60,96.90,22.10|603.10|6bcfd443	37.66,586.60,96.90,22.10|603.10|6bcfd443	1187a911ccd4cf93	e06999b79d234b55
115	16	16	498	498	19.25,257.49,340.76,23.80|275.51|f92ceb21	19.25,257.49,340.76,23.80|275.51|f92ceb21	37.66,188.80,80.75,22.10|205.30|1e1276bc	37.66,188.80,80.75,22.10|205.30|1e1276bc	c504d466eabc337e	a73c8e6aba9bc1b2
117	18	18	584	584	19.25,257.49,329.14,23.80|275.51|86b78805	19.25,257.49,329.14,23.80|275.51|86b78805	37.66,34.10,290.64,22.10|50.60|d127ec63	37.66,34.10,290.64,22.10|50.60|d127ec63	6aba59def232be97	5b3813cf05adf850
119	17	17	574	574	19.25,257.49,346.46,23.80|275.51|d437c184	19.25,257.49,346.46,23.80|275.51|d437c184	37.66,697.10,274.55,22.10|713.60|a4759d8c	37.66,697.10,274.55,22.10|713.60|a4759d8c	c1a4d37c5d873a85	1390a4c5b30ce863
123	16	16	516	516	19.25,257.49,346.46,23.80|275.51|34b10134	19.25,257.49,346.46,23.80|275.51|34b10134	37.66,476.10,258.40,22.10|492.60|79388fbe	37.66,476.10,258.40,22.10|492.60|79388fbe	67ec514e93d76546	df27fbc785806f29
131	14	14	430	430	19.25,257.49,329.14,23.80|275.51|0f1a120f	19.25,257.49,329.14,23.80|275.51|0f1a120f	37.66,166.70,258.40,22.10|183.20|adccca2d	37.66,166.70,258.40,22.10|183.20|adccca2d	73ab52e648cbd302	c3c50171ecffcd9b
135	1	1	12	12	143.36,146.87,103.28,33.28|171.52|a3a2b123	143.36,146.87,103.28,33.28|171.52|a3a2b123	37.66,446.50,274.55,22.10|463.00|04e58d82	37.66,446.50,274.55,22.10|463.00|04e58d82	cbc94ad5757f58ea	2326c8a474f037d8
138	24	24	806	806	19.25,257.49,340.76,23.80|275.51|1adab91e	19.25,257.49,340.76,23.80|275.51|1adab91e	37.66,343.50,193.80,22.10|360.00|e4bb3043	37.66,343.50,193.80,22.10|360.00|e4bb3043	dec130159949a3df	8d05db6461d36e66
144	10	10	305	305	19.25,257.49,340.76,23.80|275.51|7d4cf1cc	19.25,257.49,340.76,23.80|275.51|7d4cf1cc	37.66,454.00,226.10,22.10|470.50|290bf7b0	37.66,454.00,226.10,22.10|470.50|290bf7b0	b763214b75397c82	8872b5c8809833a7
152	15	15	469	469	19.25,257.49,346.46,23.80|275.51|44fd58ee	19.25,257.49,346.46,23.80|275.51|44fd58ee	37.66,210.90,258.40,22.10|227.40|559a9044	37.66,210.90,258.40,22.10|227.40|559a9044	f96d942e41170133	9dcca9dc3e36b2e1
158	16	16	520	520	19.25,257.49,342.21,23.80|275.51|393e9549	19.25,257.49,342.21,23.80|275.51|393e9549	37.66,210.90,290.70,22.10|227.40|e045fa3d	37.66,210.90,290.70,22.10|227.40|e045fa3d	d1cfc35272c90c81	6a0e3f6680fc905d
160	21	21	702	702	19.25,257.49,346.46,23.80|275.51|f81e3080	19.25,257.49,346.46,23.80|275.51|f81e3080	37.66,719.20,32.30,22.10|735.70|b0f34f59	37.66,719.20,32.30,22.10|735.70|b0f34f59	e71ea2afb8f4420e	787b709b62e52c41
164	20	20	629	629	19.25,257.49,346.46,23.80|275.51|efb78653	19.25,257.49,346.46,23.80|275.51|efb78653	37.66,807.60,145.35,22.10|824.10|5048e1a7	37.66,807.60,145.35,22.10|824.10|5048e1a7	75bb16750f4de79b	8a851e9d13564df7
168	29	29	1040	1040	19.25,257.49,346.46,23.80|275.51|16d2e757	19.25,257.49,346.46,23.80|275.51|16d2e757	37.66,785.50,80.75,22.10|802.00|9f062c1c	37.66,785.50,80.75,22.10|802.00|9f062c1c	b7ac45c56790971d	0067e199a0227957
170	11	11	345	345	19.25,257.49,342.21,23.80|275.51|a483feaa	19.25,257.49,342.21,23.80|275.51|a483feaa	37.66,166.70,209.95,22.10|183.20|aeb6eabb	37.66,166.70,209.95,22.10|183.20|aeb6eabb	a2840aa428d6815b	321cc4c47449fe0b
174	13	13	430	430	19.25,257.49,346.46,23.80|275.51|7a5a8eb6	19.25,257.49,346.46,23.80|275.51|7a5a8eb6	37.66,520.30,274.55,22.10|536.80|bba97072	37.66,520.30,274.55,22.10|536.80|bba97072	3d66b7fb472c5947	e7a29c40b4640eb0
178	15	15	503	503	19.25,257.49,329.14,23.80|275.51|53809002	19.25,257.49,329.14,23.80|275.51|53809002	37.66,564.50,274.55,22.10|581.00|14c14487	37.66,564.50,274.55,22.10|581.00|14c14487	b3a45cf7bf9b1947	38fd077ef644360e
180	15	15	474	474	19.25,257.49,329.14,23.80|275.51|f7b7650e	19.25,257.49,329.14,23.80|275.51|f7b7650e	37.66,122.50,290.70,22.10|139.00|c036c286	37.66,122.50,290.70,22.10|139.00|c036c286	2037540f34f7d73b	b4a33d83d0037c0e
182	14	14	467	467	19.25,257.49,346.46,23.80|275.51|ad8ee473	19.25,257.49,346.46,23.80|275.51|ad8ee473	37.66,807.60,145.35,22.10|824.10|24936ec5	37.66,807.60,145.35,22.10|824.10|24936ec5	4c63332381fbeadc	dd41a71c5c61d98e
184	13	13	431	431	19.25,257.49,329.14,23.80|275.51|7443c933	19.25,257.49,329.14,23.80|275.51|7443c933	37.66,321.40,32.30,22.10|337.90|002c2b82	37.66,321.40,32.30,22.10|337.90|002c2b82	562463e1a27b7d64	5fc27f9406c51e14
196	15	15	528	528	19.25,257.49,340.76,23.80|275.51|84cb4728	19.25,257.49,340.76,23.80|275.51|84cb4728	37.66,476.10,32.30,22.10|492.60|9bbb7845	37.66,476.10,32.30,22.10|492.60|9bbb7845	9daf07531c70820f	163bb609c11bf3e6
198	12	12	370	370	19.25,257.49,324.89,23.80|275.51|a046323d	19.25,257.49,324.89,23.80|275.51|a046323d	37.66,233.00,242.25,22.10|249.50|2922a12e	37.66,233.00,242.25,22.10|249.50|2922a12e	c77558c761449011	a6134309442113e4
208	11	11	319	319	19.25,257.49,329.14,23.80|275.51|34e9729a	19.25,257.49,329.14,23.80|275.51|34e9729a	37.66,256.70,242.25,22.10|273.20|54d2399b	37.66,256.70,242.25,22.10|273.20|54d2399b	b6eaf8665d75cd2e	457950afee177896
216	10	10	334	334	19.25,257.49,342.21,23.80|275.51|fe5436ca	19.25,257.49,342.21,23.80|275.51|fe5436ca	37.66,564.50,242.25,22.10|581.00|6bb05c9b	37.66,564.50,242.25,22.10|581.00|6bb05c9b	13f99146de9c09a8	df8a01961d1fb19d
228	13	13	425	425	19.25,257.49,346.46,23.80|275.51|5ff00428	19.25,257.49,346.46,23.80|275.51|5ff00428	37.66,365.60,226.10,22.10|382.10|36762f95	37.66,365.60,226.10,22.10|382.10|36762f95	ce018e528cb19e3b	4fcc82fbe5a2c6ca
248	14	14	451	451	19.25,257.49,346.46,23.80|275.51|ec21aaa5	19.25,257.49,346.46,23.80|275.51|ec21aaa5	37.66,365.60,274.55,22.10|382.10|7dd24250	37.66,365.60,274.55,22.10|382.10|7dd24250	accd99f3249306e7	f3be69f719ea1292
258	6	6	277	277	15.66,232.90,357.00,22.10|249.33|d91f666b	15.66,232.90,357.00,22.10|249.33|d91f666b	34.00,464.20,225.94,23.80|481.55|5f573b2c	34.00,464.20,225.94,23.80|481.55|5f573b2c	39e900a0213ab77e	cfc14c76cbbc43eb
259	12	12	491	491	16.00,249.28,153.00,30.60|272.27|cd25b767	16.00,249.28,153.00,30.60|272.27|cd25b767	34.00,392.80,225.94,23.80|410.15|5f573b2c	34.00,392.80,225.94,23.80|410.15|5f573b2c	d285d6d4929b8a98	a5d9639475b71602
260	11	11	471	471	16.00,249.28,198.90,30.60|272.27|c0515732	16.00,249.28,198.90,30.60|272.27|c0515732	34.00,630.80,225.94,23.80|648.15|5f573b2c	34.00,630.80,225.94,23.80|648.15|5f573b2c	122ed57871b639a3	2aa66309e34e678d
261	11	11	431	431	16.00,249.28,183.60,30.60|272.27|09171075	16.00,249.28,183.60,30.60|272.27|09171075	34.00,273.80,225.94,23.80|291.15|5f573b2c	34.00,273.80,225.94,23.80|291.15|5f573b2c	0de20f5df44bdaf7	e583196ed154b378
264	25	25	904	904	16.00,249.28,143.84,30.60|272.27|5c6a24c0	16.00,249.28,143.84,30.60|272.27|5c6a24c0	34.00,178.60,32.30,23.80|195.95|fa6e2616	34.00,178.60,32.30,23.80|195.95|fa6e2616	05286a4e1f431a70	0f3e8b67f3d1602a
265	11	11	451	451	16.00,249.28,61.20,30.60|272.27|b8258093	16.00,249.28,61.20,30.60|272.27|b8258093	34.00,83.40,32.30,23.80|100.75|fa6e2616	34.00,83.40,32.30,23.80|100.75|fa6e2616	398002e341cd1f22	c6340592ca4f42e7
268	6	6	233	233	16.00,249.28,168.30,30.60|272.27|0bcc3850	16.00,249.28,168.30,30.60|272.27|0bcc3850	34.00,559.40,153.18,23.80|576.75|72222e51	34.00,559.40,153.18,23.80|576.75|72222e51	c068b1d059a67f4b	4e05a17ff6af291e
270	13	13	522	522	16.00,249.28,122.40,30.60|272.27|ff8c6ec0	16.00,249.28,122.40,30.60|272.27|ff8c6ec0	34.00,416.60,153.18,23.80|433.95|72222e51	34.00,416.60,153.18,23.80|433.95|72222e51	ab039b431787e335	15cafc03af2585fb
271	24	24	999	999	16.00,249.28,122.40,30.60|272.27|9d6ba82a	16.00,249.28,122.40,30.60|272.27|9d6ba82a	34.00,630.80,153.18,23.80|648.15|72222e51	34.00,630.80,153.18,23.80|648.15|72222e51	76fd1d51f0f4d32c	5771ae8514b1abc0
280	15	15	749	749	15.66,232.90,187.00,22.10|249.33|eba3658d	15.66,232.90,187.00,22.10|249.33|eba3658d	34.00,583.20,96.42,23.80|600.55|31f6ceea	34.00,583.20,96.42,23.80|600.55|31f6ceea	acac8e0534cc2ae2	5f41094c343dee3b
281	29	29	1244	1244	16.00,247.92,183.60,30.60|270.91|690b9344	16.00,247.92,183.60,30.60|270.91|690b9344	34.00,678.40,96.42,23.80|695.75|31f6ceea	34.00,678.40,96.42,23.80|695.75|31f6ceea	f3854aead4cf8573	3b625b5bbc81557a
282	31	31	1272	1272	16.00,247.92,229.50,30.60|270.91|96b5f4a7	16.00,247.92,229.50,30.60|270.91|96b5f4a7	34.00,154.80,96.42,23.80|172.15|31f6ceea	34.00,154.80,96.42,23.80|172.15|31f6ceea	128b7f7fbd6dc447	94572bbadab12398
283	25	25	1113	1113	16.00,247.92,220.34,30.60|270.91|4c234be1	16.00,247.92,220.34,30.60|270.91|4c234be1	34.00,678.40,96.42,23.80|695.75|31f6ceea	34.00,678.40,96.42,23.80|695.75|31f6ceea	4f4a08ed3f9015b3	52f1b4d0ef06ba08
284	26	26	1158	1158	16.00,247.92,137.70,30.60|270.91|a4e2d4ec	16.00,247.92,137.70,30.60|270.91|a4e2d4ec	34.00,250.00,96.42,23.80|267.35|31f6ceea	34.00,250.00,96.42,23.80|267.35|31f6ceea	9baad135fa03283b	676482000031f142
285	44	44	1838	1838	16.00,247.92,198.90,30.60|270.91|4479ed23	16.00,247.92,198.90,30.60|270.91|4479ed23	34.00,583.20,96.42,23.80|600.55|31f6ceea	34.00,583.20,96.42,23.80|600.55|31f6ceea	2fd5b4ab575441a9	779d474e291b0d4a
286	33	33	1271	1271	16.00,247.92,122.40,30.60|270.91|db7a5ca3	16.00,247.92,122.40,30.60|270.91|db7a5ca3	34.00,321.40,96.42,23.80|338.75|31f6ceea	34.00,321.40,96.42,23.80|338.75|31f6ceea	a7c8a550ae273374	2ce6989c364ee51c
287	18	18	816	816	16.00,247.92,61.20,30.60|270.91|9b2b64f5	16.00,247.92,61.20,30.60|270.91|9b2b64f5	34.00,12.00,96.42,23.80|29.35|31f6ceea	34.00,12.00,96.42,23.80|29.35|31f6ceea	ad74a0821f95858a	191f2c421721c7e2
293	20	20	906	906	16.00,247.92,153.00,30.60|270.91|a433bd70	16.00,247.92,153.00,30.60|270.91|a433bd70	228.70,607.00,112.89,23.80|624.35|7aebad3a	228.70,607.00,112.89,23.80|624.35|7aebad3a	1d09507d975a0018	eb2130fc2e935f5f
294	34	34	1519	1519	16.00,247.92,137.70,30.60|270.91|b8643c07	16.00,247.92,137.70,30.60|270.91|b8643c07	228.70,749.80,112.89,23.80|767.15|7aebad3a	228.70,749.80,112.89,23.80|767.15|7aebad3a	e7bdda38d43eebd8	76e27f811c1def50
295	48	48	1918	1918	16.00,247.92,137.70,30.60|270.91|6d1ae74a	16.00,247.92,137.70,30.60|270.91|6d1ae74a	228.70,464.20,112.89,23.80|481.55|7aebad3a	228.70,464.20,112.89,23.80|481.55|7aebad3a	5307b777882eb4e1	aa550d3ef3d246c7
296	28	28	1158	1158	16.00,247.92,107.10,30.60|270.91|0d0b4b92	16.00,247.92,107.10,30.60|270.91|0d0b4b92	228.70,773.60,112.89,23.80|790.95|7aebad3a	228.70,773.60,112.89,23.80|790.95|7aebad3a	2e204ea27f675f37	3d32a9ef0e286469
297	29	29	1169	1169	16.00,247.92,137.70,30.60|270.91|c0579e8a	16.00,247.92,137.70,30.60|270.91|c0579e8a	228.70,630.80,112.89,23.80|648.15|7aebad3a	228.70,630.80,112.89,23.80|648.15|7aebad3a	de12ed874cb21c95	21fa24d615339605
298	53	53	2069	2069	16.00,247.92,107.10,30.60|270.91|1b2f2067	16.00,247.92,107.10,30.60|270.91|1b2f2067	228.70,178.60,112.89,23.80|195.95|7aebad3a	228.70,178.60,112.89,23.80|195.95|7aebad3a	1330089a9ae0d8a5	3836a59f787ea893
299	31	31	1238	1238	16.00,247.92,137.70,30.60|270.91|90f96215	16.00,247.92,137.70,30.60|270.91|90f96215	228.70,797.40,112.89,23.80|814.75|7aebad3a	228.70,797.40,112.89,23.80|814.75|7aebad3a	f057f91aa8eb6cd3	273fdf87517d0aa8
300	17	17	755	755	16.00,247.92,76.50,30.60|270.91|907dfa50	16.00,247.92,76.50,30.60|270.91|907dfa50	228.70,131.00,112.89,23.80|148.35|7aebad3a	228.70,131.00,112.89,23.80|148.35|7aebad3a	26fbd8af654aa3dd	ed1c24b122a03239
307	32	32	971	971	16.00,247.92,198.90,30.60|270.91|15d98f20	16.00,247.92,198.90,30.60|270.91|15d98f20	34.00,464.20,225.78,23.80|481.55|754db52b	34.00,464.20,225.78,23.80|481.55|754db52b	5eaed4c8f058d7b9	096ebbe919d815b5
308	6	6	167	167	16.00,247.92,168.30,30.60|270.91|d04aa3e6	16.00,247.92,168.30,30.60|270.91|d04aa3e6	34.00,488.00,258.08,23.80|505.35|139bf9c5	34.00,488.00,258.08,23.80|505.35|139bf9c5	6e239eaad4d8e95e	3147d0c5a2b1696e
309	15	15	400	400	16.00,247.92,168.30,30.60|270.91|fcb20a2c	16.00,247.92,168.30,30.60|270.91|fcb20a2c	34.00,59.60,290.70,23.80|76.95|2d9e60d3	34.00,59.60,290.70,23.80|76.95|2d9e60d3	f7bffa536073fd14	ee6fc2a3f2ec8ff1
310	27	27	898	898	16.00,247.92,137.70,30.60|270.91|94027df8	16.00,247.92,137.70,30.60|270.91|94027df8	34.00,464.20,177.17,23.80|481.55|1d529b53	34.00,464.20,177.17,23.80|481.55|1d529b53	4a669279b443b99a	cb076f9766523dd0
311	20	20	602	602	16.00,247.92,214.20,30.60|270.91|d3ecbec5	16.00,247.92,214.20,30.60|270.91|d3ecbec5	34.00,131.00,274.07,23.80|148.35|9df62b42	34.00,131.00,274.07,23.80|148.35|9df62b42	3fac569d5cf05bd7	c9013dcd0a4f35b1
318	20	20	892	892	16.00,247.92,76.50,30.60|270.91|b145448b	16.00,247.92,76.50,30.60|270.91|b145448b	147.28,273.80,64.44,23.80|291.15|b4260572	147.28,273.80,64.44,23.80|291.15|b4260572	65d7b3f5e0866ade	72d175267123ff05
319	23	23	978	978	16.00,247.92,137.70,30.60|270.91|e18735ab	16.00,247.92,137.70,30.60|270.91|e18735ab	147.28,583.20,64.44,23.80|600.55|b4260572	147.28,583.20,64.44,23.80|600.55|b4260572	96b0bcd230de3dbf	e4f143f642432d86
320	24	24	1078	1078	16.00,247.92,137.70,30.60|270.91|0f2a0745	16.00,247.92,137.70,30.60|270.91|0f2a0745	147.28,107.20,64.44,23.80|124.55|b4260572	147.28,107.20,64.44,23.80|124.55|b4260572	f592542c2cbc5f42	26594bcea0238f30
321	42	42	1759	1759	16.00,247.92,137.70,30.60|270.91|b79d50b5	16.00,247.92,137.70,30.60|270.91|b79d50b5	147.28,83.40,64.44,23.80|100.75|b4260572	147.28,83.40,64.44,23.80|100.75|b4260572	7fdc2318545fef20	a29879629335699d
322	21	21	922	922	16.00,247.92,198.90,30.60|270.91|46158a17	16.00,247.92,198.90,30.60|270.91|46158a17	147.28,250.00,64.44,23.80|267.35|b4260572	147.28,250.00,64.44,23.80|267.35|b4260572	b2d609b5a4e3b8e9	24e0ec95bf0212b2
323	17	17	773	773	16.00,247.92,107.10,30.60|270.91|b49131a1	16.00,247.92,107.10,30.60|270.91|b49131a1	147.28,464.20,64.44,23.80|481.55|b4260572	147.28,464.20,64.44,23.80|481.55|b4260572	24a007a9c18355b3	b42302b168ca2a5f
324	15	15	686	686	16.00,247.92,76.50,30.60|270.91|9a3dd8a4	16.00,247.92,76.50,30.60|270.91|9a3dd8a4	147.28,369.00,64.44,23.80|386.35|b4260572	147.28,369.00,64.44,23.80|386.35|b4260572	b3d1047e0fa743ea	64ebc2c2ea872a48
329	8	8	312	312	16.00,247.92,183.60,30.60|270.91|d621f0d1	16.00,247.92,183.60,30.60|270.91|d621f0d1	34.00,273.80,80.27,23.80|291.15|4acebea5	34.00,273.80,80.27,23.80|291.15|4acebea5	d4b4820f4a773aec	aba076242f0042ef
330	13	13	448	448	16.00,247.92,214.20,30.60|270.91|a91f51ef	16.00,247.92,214.20,30.60|270.91|a91f51ef	34.00,131.00,80.27,23.80|148.35|4acebea5	34.00,131.00,80.27,23.80|148.35|4acebea5	d40b18877b7e6a06	e60fff9bceb2b6a6
331	11	11	383	383	16.00,247.92,137.70,30.60|270.91|6655cdff	16.00,247.92,137.70,30.60|270.91|6655cdff	34.00,678.40,80.27,23.80|695.75|4acebea5	34.00,678.40,80.27,23.80|695.75|4acebea5	6971349130511565	16324ddbb7e1bbe0
332	7	7	253	253	16.00,247.92,76.50,30.60|270.91|694943ed	16.00,247.92,76.50,30.60|270.91|694943ed	34.00,583.20,80.27,23.80|600.55|4acebea5	34.00,583.20,80.27,23.80|600.55|4acebea5	2cbd30f5042040ea	8750f5b0486a801d
333	9	9	304	304	16.00,247.92,168.30,30.60|270.91|59960cbf	16.00,247.92,168.30,30.60|270.91|59960cbf	34.00,297.60,80.27,23.80|314.95|4acebea5	34.00,297.60,80.27,23.80|314.95|4acebea5	b948f2fd57a42095	7c12945282a84dd2
338	5	5	203	203	15.66,232.90,357.00,22.10|249.33|6996ce55	15.66,232.90,357.00,22.10|249.33|6996ce55	108.70,297.60,246.84,23.80|314.95|602a363f	108.70,297.60,246.84,23.80|314.95|602a363f	9145bf74324bbe14	e7a7aefce3a2bfb4
339	8	8	322	322	16.00,247.92,137.70,30.60|270.91|26cef976	16.00,247.92,137.70,30.60|270.91|26cef976	108.70,535.60,246.84,23.80|552.95|602a363f	108.70,535.60,246.84,23.80|552.95|602a363f	3dc8b436308d9af1	2bb4b2551c20dccd
340	17	17	649	649	16.00,247.92,214.20,30.60|270.91|615a7a26	16.00,247.92,214.20,30.60|270.91|615a7a26	108.70,511.80,246.84,23.80|529.15|602a363f	108.70,511.80,246.84,23.80|529.15|602a363f	27632085e03adcd1	66039bf246d7483b
341	14	14	540	540	16.00,247.92,137.70,30.60|270.91|752e0ab2	16.00,247.92,137.70,30.60|270.91|752e0ab2	108.70,749.80,246.84,23.80|767.15|602a363f	108.70,749.80,246.84,23.80|767.15|602a363f	0bfd4350edd3274a	1a885eb032fd5036
342	8	8	317	317	16.00,247.92,168.30,30.60|270.91|60cbb2c1	16.00,247.92,168.30,30.60|270.91|60cbb2c1	108.70,583.20,246.84,23.80|600.55|602a363f	108.70,583.20,246.84,23.80|600.55|602a363f	2b2b12f48c9cd508	fcdfa07d99d85ec6
349	12	12	444	444	16.00,247.92,229.50,30.60|270.91|a75bcb9a	16.00,247.92,229.50,30.60|270.91|a75bcb9a	34.00,630.80,209.63,23.80|648.15|d46284d0	34.00,630.80,209.63,23.80|648.15|d46284d0	18df05ed811782ad	4cacbea0bcefd639
350	18	18	627	627	16.00,247.92,198.90,30.60|270.91|c338eb0a	16.00,247.92,198.90,30.60|270.91|c338eb0a	34.00,583.20,209.63,23.80|600.55|d46284d0	34.00,583.20,209.63,23.80|600.55|d46284d0	df9a40d6e63ddb4f	15b13ae69563377e
351	9	9	301	301	16.00,247.92,76.50,30.60|270.91|914b2985	16.00,247.92,76.50,30.60|270.91|914b2985	34.00,35.80,209.63,23.80|53.15|d46284d0	34.00,35.80,209.63,23.80|53.15|d46284d0	221a3571d16acaf8	0eee2f907d8de122
352	6	6	223	223	16.00,247.92,107.10,30.60|270.91|eaa6f246	16.00,247.92,107.10,30.60|270.91|eaa6f246	34.00,488.00,209.63,23.80|505.35|d46284d0	34.00,488.00,209.63,23.80|505.35|d46284d0	5b49e91500d3cb24	6f3d3f3df39def3b
356	7	7	268	268	16.00,247.92,30.60,30.60|270.91|d9dc1d2f	16.00,247.92,30.60,30.60|270.91|d9dc1d2f	34.00,583.20,96.58,23.80|600.55|a0dfb76c	34.00,583.20,96.58,23.80|600.55|a0dfb76c	8eb82c263dc763d7	97a5a82a02513899
357	16	16	596	596	16.00,247.92,137.70,30.60|270.91|11b94614	16.00,247.92,137.70,30.60|270.91|11b94614	34.00,702.20,96.58,23.80|719.55|a0dfb76c	34.00,702.20,96.58,23.80|719.55|a0dfb76c	4a79eafaac65bf01	8b89d19b9681c484
358	18	18	645	645	16.00,247.92,137.70,30.60|270.91|00ee8943	16.00,247.92,137.70,30.60|270.91|00ee8943	34.00,273.80,96.58,23.80|291.15|a0dfb76c	34.00,273.80,96.58,23.80|291.15|a0dfb76c	54ab8f27feb4bf67	3e62fd2f13f01612
359	9	9	317	317	16.00,247.92,137.70,30.60|270.91|dd3c8c85	16.00,247.92,137.70,30.60|270.91|dd3c8c85	34.00,154.80,96.58,23.80|172.15|a0dfb76c	34.00,154.80,96.58,23.80|172.15|a0dfb76c	9044f089cf5adcb5	443c7fc4845040ef
360	16	16	630	630	16.00,247.92,122.40,30.60|270.91|029e969b	16.00,247.92,122.40,30.60|270.91|029e969b	34.00,678.40,96.58,23.80|695.75|a0dfb76c	34.00,678.40,96.58,23.80|695.75|a0dfb76c	3c28acc8a3e81a44	6051fc0f90f26b61
361	21	21	736	736	16.00,247.92,153.00,30.60|270.91|6b415555	16.00,247.92,153.00,30.60|270.91|6b415555	34.00,250.00,96.58,23.80|267.35|a0dfb76c	34.00,250.00,96.58,23.80|267.35|a0dfb76c	597be1707148b488	c8b9d1d186524642
362	13	13	472	472	16.00,247.92,107.10,30.60|270.91|dfd45134	16.00,247.92,107.10,30.60|270.91|dfd45134	34.00,726.00,96.58,23.80|743.35|a0dfb76c	34.00,726.00,96.58,23.80|743.35|a0dfb76c	402e0fe611452a10	d4cec61312dbd131
363	16	16	585	585	16.00,247.92,137.70,30.60|270.91|d20d115e	16.00,247.92,137.70,30.60|270.91|d20d115e	34.00,131.00,96.58,23.80|148.35|a0dfb76c	34.00,131.00,96.58,23.80|148.35|a0dfb76c	ed6d5a31d3f4edd6	a9b7038fc7f2dbcb
364	7	7	270	270	16.00,247.92,168.30,30.60|270.91|8151d89d	16.00,247.92,168.30,30.60|270.91|8151d89d	34.00,178.60,96.58,23.80|195.95|a0dfb76c	34.00,178.60,96.58,23.80|195.95|a0dfb76c	8a8b6afbaed1e993	6237a6a55b452b79
369	11	11	428	428	16.00,247.92,137.70,30.60|270.91|d5c1231b	16.00,247.92,137.70,30.60|270.91|d5c1231b	213.70,654.60,72.43,23.80|671.95|9e965790	213.70,654.60,72.43,23.80|671.95|9e965790	3cf40e88c6f84086	686b92cba25d102b
370	18	18	624	624	16.00,247.92,183.60,30.60|270.91|ff3d2a43	16.00,247.92,183.60,30.60|270.91|ff3d2a43	213.70,83.40,72.43,23.80|100.75|9e965790	213.70,83.40,72.43,23.80|100.75|9e965790	45986274da6080ba	6e8d58579cb30cc3
371	19	19	685	685	16.00,247.92,168.30,30.60|270.91|479016cb	16.00,247.92,168.30,30.60|270.91|479016cb	213.70,488.00,72.43,23.80|505.35|9e965790	213.70,488.00,72.43,23.80|505.35|9e965790	5bb7cff20d00b03f	938cde223e088226
372	16	16	634	634	16.00,247.92,91.80,30.60|270.91|f8ff2217	16.00,247.92,91.80,30.60|270.91|f8ff2217	213.70,416.60,72.43,23.80|433.95|9e965790	213.70,416.60,72.43,23.80|433.95|9e965790	8399dc6210bda702	3a7c0632055d6bfc
373	16	16	589	589	16.00,247.92,198.90,30.60|270.91|e755b6fb	16.00,247.92,198.90,30.60|270.91|e755b6fb	213.70,773.60,72.43,23.80|790.95|9e965790	213.70,773.60,72.43,23.80|790.95|9e965790	aab5e8cf2cbb37a6	b4712fc6e2b973d4
374	10	10	418	418	16.00,247.92,91.80,30.60|270.91|3940244d	16.00,247.92,91.80,30.60|270.91|3940244d	213.70,559.40,72.43,23.80|576.75|9e965790	213.70,559.40,72.43,23.80|576.75|9e965790	722d8aed324170d6	8f3f3bf0715e8365
380	11	11	457	457	16.00,247.92,168.30,30.60|270.91|535f846d	16.00,247.92,168.30,30.60|270.91|535f846d	274.85,464.20,64.44,23.80|481.55|5ebdfbda	274.85,464.20,64.44,23.80|481.55|5ebdfbda	b6443c481d50c06b	a2d6fb5c01e388db
381	12	12	478	478	16.00,247.92,214.20,30.60|270.91|98bcb6ac	16.00,247.92,214.20,30.60|270.91|98bcb6ac	274.85,321.40,64.44,23.80|338.75|5ebdfbda	274.85,321.40,64.44,23.80|338.75|5ebdfbda	419656710cbef46d	b2c5ed891394f99b
382	22	22	881	881	16.00,247.92,214.20,30.60|270.91|fe6737a4	16.00,247.92,214.20,30.60|270.91|fe6737a4	274.85,535.60,64.44,23.80|552.95|5ebdfbda	274.85,535.60,64.44,23.80|552.95|5ebdfbda	987f181948f167c7	762bc704d1584ccf
383	16	16	603	603	16.00,247.92,205.04,30.60|270.91|59b73354	16.00,247.92,205.04,30.60|270.91|59b73354	274.85,250.00,64.44,23.80|267.35|5ebdfbda	274.85,250.00,64.44,23.80|267.35|5ebdfbda	03bd7acacbf5f82a	f3529f67fae50e8d
384	12	12	459	459	16.00,247.92,198.90,30.60|270.91|bfadf887	16.00,247.92,198.90,30.60|270.91|bfadf887	274.85,83.40,64.44,23.80|100.75|5ebdfbda	274.85,83.40,64.44,23.80|100.75|5ebdfbda	ff142fda49100225	868fa66b3d3a4654
385	6	6	273	273	16.00,247.92,76.50,30.60|270.91|a6910304	16.00,247.92,76.50,30.60|270.91|a6910304	274.85,607.00,64.44,23.80|624.35|5ebdfbda	274.85,607.00,64.44,23.80|624.35|5ebdfbda	209920738390e045	a76f2e85eda20335
389	11	11	457	457	16.00,247.92,91.80,30.60|270.91|adea8c25	16.00,247.92,91.80,30.60|270.91|adea8c25	34.00,154.80,250.08,23.80|172.15|27be0883	34.00,154.80,250.08,23.80|172.15|27be0883	9e7c408d225ce9b4	c7da9f7920d87c0e
390	24	24	912	912	16.00,247.92,168.30,30.60|270.91|824f832c	16.00,247.92,168.30,30.60|270.91|824f832c	34.00,202.40,250.08,23.80|219.75|27be0883	34.00,202.40,250.08,23.80|219.75|27be0883	8d39eaa8e804f38b	0cbe8dbd24f60412
391	22	22	866	866	16.00,247.92,153.00,30.60|270.91|13cd26f0	16.00,247.92,153.00,30.60|270.91|13cd26f0	34.00,488.00,250.08,23.80|505.35|27be0883	34.00,488.00,250.08,23.80|505.35|27be0883	bc1162a979209de1	2fe95e5a50801704
392	25	25	961	961	16.00,247.92,91.80,30.60|270.91|14ccbb00	16.00,247.92,91.80,30.60|270.91|14ccbb00	34.00,345.20,250.08,23.80|362.55|27be0883	34.00,345.20,250.08,23.80|362.55|27be0883	8e11105cb3c6e27f	a7847709be9460f9
393	18	18	695	695	16.00,247.92,76.50,30.60|270.91|8758269b	16.00,247.92,76.50,30.60|270.91|8758269b	34.00,250.00,250.08,23.80|267.35|27be0883	34.00,250.00,250.08,23.80|267.35|27be0883	ec34326662de91c6	a92f5961eca2fe6e
394	13	13	551	551	16.00,247.92,76.50,30.60|270.91|45b32758	16.00,247.92,76.50,30.60|270.91|45b32758	34.00,607.00,250.08,23.80|624.35|27be0883	34.00,607.00,250.08,23.80|624.35|27be0883	dac0f387aa196b9d	8ebb257e56ffe8f6
398	7	7	250	250	16.00,247.92,122.40,30.60|270.91|4ed77fa5	16.00,247.92,122.40,30.60|270.91|4ed77fa5	34.00,654.60,96.74,23.80|671.95|7bb33153	34.00,654.60,96.74,23.80|671.95|7bb33153	5f74957b250d9f55	28bf836143c40804
399	11	11	407	407	16.00,247.92,137.70,30.60|270.91|2b5912c6	16.00,247.92,137.70,30.60|270.91|2b5912c6	34.00,345.20,96.74,23.80|362.55|7bb33153	34.00,345.20,96.74,23.80|362.55|7bb33153	c9e7a65879d20dfe	91319a25f28b45f1
400	6	6	206	206	16.00,247.92,137.70,30.60|270.91|296d1169	16.00,247.92,137.70,30.60|270.91|296d1169	34.00,202.40,96.74,23.80|219.75|7bb33153	34.00,202.40,96.74,23.80|219.75|7bb33153	ebed4d8918d3b287	16471ddf66d87ee4
404	14	14	510	510	15.66,232.90,229.50,22.10|249.33|61793551	15.66,232.90,229.50,22.10|249.33|61793551	34.00,416.60,128.88,23.80|433.95|40a3c1e9	34.00,416.60,128.88,23.80|433.95|40a3c1e9	e3c05af50c0fe2a6	245d66ece741dff1
407	10	10	355	355	16.00,247.92,76.50,30.60|270.91|8b6637af	16.00,247.92,76.50,30.60|270.91|8b6637af	319.85,726.00,16.15,23.80|743.35|eb0d5884	319.85,726.00,16.15,23.80|743.35|eb0d5884	544f5840b90b42e9	84b509d1dc912f6c
408	19	19	640	640	16.00,247.92,183.60,30.60|270.91|c815f307	16.00,247.92,183.60,30.60|270.91|c815f307	34.00,12.00,152.86,23.80|29.35|44077c2f	34.00,12.00,152.86,23.80|29.35|44077c2f	b9834c023734279a	d7a66be976f51c22
409	41	41	1465	1465	16.00,247.92,275.40,30.60|270.91|7a63f532	16.00,247.92,275.40,30.60|270.91|7a63f532	78.70,511.80,72.43,23.80|529.15|de154ca7	78.70,511.80,72.43,23.80|529.15|de154ca7	7d32ad59c651dafe	f81b7c927402e9ed
410	30	30	1078	1078	16.00,247.92,137.70,30.60|270.91|9186679c	16.00,247.92,137.70,30.60|270.91|9186679c	34.00,297.60,169.33,23.80|314.95|2ac96ae8	34.00,297.60,169.33,23.80|314.95|2ac96ae8	47c2483ef3e4f38e	ebf93ba095ca4e8d
411	30	30	1033	1033	16.00,247.92,153.00,30.60|270.91|d10483a8	16.00,247.92,153.00,30.60|270.91|d10483a8	34.00,369.00,266.23,23.80|386.35|09669955	34.00,369.00,266.23,23.80|386.35|09669955	45781dcd767b9103	ef2aa22653eaabed
412	10	10	343	343	16.00,247.92,168.30,30.60|270.91|17336359	16.00,247.92,168.30,30.60|270.91|17336359	276.00,12.00,72.43,23.80|29.35|3b3e2815	276.00,12.00,72.43,23.80|29.35|3b3e2815	099998c8eb3fdc84	c3b30ce275438d03
418	2	2	49	49	16.00,247.92,30.60,30.60|270.91|ef6fba91	16.00,247.92,30.60,30.60|270.91|ef6fba91	34.00,508.30,88.58,23.80|525.65|6468738b	34.00,508.30,88.58,23.80|525.65|6468738b	4ea04bd6957073d1	01871cda3b7779e0
419	10	10	318	318	16.00,247.92,214.20,30.60|270.91|a826593c	16.00,247.92,214.20,30.60|270.91|a826593c	34.00,391.00,274.55,23.80|408.35|2e3263ea	34.00,391.00,274.55,23.80|408.35|2e3263ea	9ec596a473b8ae81	a9bec2352fc4d1ad
420	9	9	315	315	16.00,247.92,229.50,30.60|270.91|96794217	16.00,247.92,229.50,30.60|270.91|96794217	34.00,748.00,120.88,23.80|765.35|e1fe077c	34.00,748.00,120.88,23.80|765.35|e1fe077c	ed752ca79da4be1c	6837ade0455e10c6
421	13	13	399	399	16.00,247.92,214.20,30.60|270.91|10401f78	16.00,247.92,214.20,30.60|270.91|10401f78	153.70,202.40,72.43,23.80|219.75|cfa33909	153.70,202.40,72.43,23.80|219.75|cfa33909	e21812fca3e77aca	ae19fba0624cd1c4
422	14	14	490	490	16.00,247.92,107.10,30.60|270.91|4eba39a7	16.00,247.92,107.10,30.60|270.91|4eba39a7	34.00,154.80,298.53,23.80|172.15|f768a9b3	34.00,154.80,298.53,23.80|172.15|f768a9b3	2f0798d81632e405	633553cad629546c
427	5	5	145	145	16.00,247.92,153.00,30.60|270.91|5ededf31	16.00,247.92,153.00,30.60|270.91|5ededf31	34.00,345.20,161.02,23.80|362.55|e0c5afce	34.00,345.20,161.02,23.80|362.55|e0c5afce	c3a77358c98e72e1	7276315dd6b0f463
428	17	17	624	624	16.00,247.92,107.10,30.60|270.91|6fd16ee0	16.00,247.92,107.10,30.60|270.91|6fd16ee0	34.00,676.60,206.01,23.80|694.13|45427957	34.00,676.60,206.01,23.80|694.13|45427957	7814a999d53eb320	81861e1ba57a10cc
429	6	6	180	180	16.00,247.92,153.00,30.60|270.91|bd2f0d41	16.00,247.92,153.00,30.60|270.91|bd2f0d41	34.00,250.00,24.14,23.80|267.35|3e01ad38	34.00,250.00,24.14,23.80|267.35|3e01ad38	5fbb035cc4a9916a	028b11f1c3bc9a07
430	10	10	324	324	16.00,247.92,198.90,30.60|270.91|8f38a872	16.00,247.92,198.90,30.60|270.91|8f38a872	34.00,250.00,96.74,23.80|267.35|9709b93d	34.00,250.00,96.74,23.80|267.35|9709b93d	a0b8a56d3f9180ae	a7ae35ecd70456c1
431	23	23	811	811	16.00,247.92,137.70,30.60|270.91|ad1a8c37	16.00,247.92,137.70,30.60|270.91|ad1a8c37	243.70,678.40,64.44,23.80|695.75|cc37f4fe	243.70,678.40,64.44,23.80|695.75|cc37f4fe	398bad89137a160c	8d154795d8e58aa5
432	6	6	215	215	16.00,247.92,153.00,30.60|270.91|fda10055	16.00,247.92,153.00,30.60|270.91|fda10055	108.70,702.20,72.43,23.80|719.55|d6ff627f	108.70,702.20,72.43,23.80|719.55|d6ff627f	d0298c87dc61b0f9	35ac308a81b04a3d
433	14	14	533	533	16.00,247.92,91.80,30.60|270.91|8b5573a3	16.00,247.92,91.80,30.60|270.91|8b5573a3	34.00,392.80,153.18,23.80|410.15|2cff885c	34.00,392.80,153.18,23.80|410.15|2cff885c	336315282bb77eaa	4f1bacf8f94b5127
434	23	23	776	776	16.00,247.92,91.80,30.60|270.91|496dfa25	16.00,247.92,91.80,30.60|270.91|496dfa25	34.00,391.00,201.63,23.80|408.35|92b53109	34.00,391.00,201.63,23.80|408.35|92b53109	fef8bba344b0a0ce	6d0d8c69d5e80150
435	16	16	559	559	16.00,247.92,137.70,30.60|270.91|e05f5f51	16.00,247.92,137.70,30.60|270.91|e05f5f51	34.00,321.40,104.73,23.80|338.75|bb88652c	34.00,321.40,104.73,23.80|338.75|bb88652c	d9dbafe2dadc3e16	378e0b7e7c0ded94
436	2	2	57	57	16.00,247.92,30.60,30.60|270.91|4c79dee3	16.00,247.92,30.60,30.60|270.91|4c79dee3	34.00,666.40,295.77,23.80|683.75|f40ab508	34.00,666.40,295.77,23.80|683.75|f40ab508	7f4577cea67dc502	24697f5117ac1e79
440	3	3	103	103	16.00,247.92,30.60,30.60|270.91|d9dc1d2f	16.00,247.92,30.60,30.60|270.91|d9dc1d2f	34.00,714.00,56.28,23.80|731.35|7c38286e	34.00,714.00,56.28,23.80|731.35|7c38286e	61f9436312e50891	a6f3ee64fd66760b
441	25	25	914	914	16.00,247.92,76.50,30.60|270.91|944d1670	16.00,247.92,76.50,30.60|270.91|944d1670	108.70,226.20,112.57,23.80|243.55|ad6ad658	108.70,226.20,112.57,23.80|243.55|ad6ad658	3f707b46d650ef29	4115e08a99cdb633
442	27	27	920	920	16.00,247.92,76.50,30.60|270.91|64367a3d	16.00,247.92,76.50,30.60|270.91|64367a3d	229.85,131.00,80.43,23.80|148.35|857fe3c7	229.85,131.00,80.43,23.80|148.35|857fe3c7	f9fd93551a24a508	a83e03e797b84021
443	18	18	661	661	16.00,247.92,137.70,30.60|270.91|9ab0cde2	16.00,247.92,137.70,30.60|270.91|9ab0cde2	34.00,607.00,112.89,23.80|624.35|4bf09d7f	34.00,607.00,112.89,23.80|624.35|4bf09d7f	2bb98b7d8886c461	319a5883ae72b780
444	29	29	1080	1080	16.00,247.92,214.20,30.60|270.91|cad42ce8	16.00,247.92,214.20,30.60|270.91|cad42ce8	34.00,369.00,32.14,23.80|386.35|3cb7fd5f	34.00,369.00,32.14,23.80|386.35|3cb7fd5f	eee3c48d445c0b32	4b4bfc9f44d30714
445	24	24	824	824	16.00,247.92,168.30,30.60|270.91|7a948aa0	16.00,247.92,168.30,30.60|270.91|7a948aa0	64.00,581.40,258.40,23.80|598.75|955d192a	64.00,581.40,258.40,23.80|598.75|955d192a	bf5a21e24cdae196	60e694eaee03697a
446	2	2	59	59	16.00,247.92,30.60,30.60|270.91|4c79dee3	16.00,247.92,30.60,30.60|270.91|4c79dee3	34.00,758.20,120.88,23.80|775.55|1340f1a3	34.00,758.20,120.88,23.80|775.55|1340f1a3	23cc0514ab73eb62	caa62528a5aa4ac3
449	5	5	143	143	16.00,247.92,137.70,30.60|270.91|99a29b4b	16.00,247.92,137.70,30.60|270.91|99a29b4b	228.70,321.40,64.44,23.80|338.75|89e41723	228.70,321.40,64.44,23.80|338.75|89e41723	07194edb2c296f03	d59109e0a0aec71a
450	23	23	709	709	16.00,247.92,137.70,30.60|270.91|17a1c314	16.00,247.92,137.70,30.60|270.91|17a1c314	34.00,321.40,40.13,23.80|338.75|610ee1ac	34.00,321.40,40.13,23.80|338.75|610ee1ac	6e0cbbc2ef035ff3	7c5be63f42d78b5f
451	16	16	590	590	16.00,247.92,183.60,30.60|270.91|b8b594a3	16.00,247.92,183.60,30.60|270.91|b8b594a3	34.00,535.60,145.03,23.80|552.95|101daff4	34.00,535.60,145.03,23.80|552.95|101daff4	48e8cd54942614e4	895e409996d531b1
452	9	9	297	297	16.00,247.92,214.20,30.60|270.91|22c2b9b7	16.00,247.92,214.20,30.60|270.91|22c2b9b7	183.70,392.80,64.44,23.80|410.15|b32a7340	183.70,392.80,64.44,23.80|410.15|b32a7340	851f8bcba8f47f56	397e7e0773e5cb0d
453	8	8	228	228	16.00,247.92,137.70,30.60|270.91|ca3d0c72	16.00,247.92,137.70,30.60|270.91|ca3d0c72	34.00,59.60,193.64,23.80|76.95|1db16c02	34.00,59.60,193.64,23.80|76.95|1db16c02	3d1293d473b1e01b	80974492544ed5d2
456	10	10	328	328	16.00,247.92,153.00,30.60|270.91|d234ab93	16.00,247.92,153.00,30.60|270.91|d234ab93	183.70,107.20,72.43,23.80|124.55|100af85f	183.70,107.20,72.43,23.80|124.55|100af85f	9cfc005ac00cefc5	9434765136aca9da
457	16	16	562	562	16.00,247.92,137.70,30.60|270.91|673ee42e	16.00,247.92,137.70,30.60|270.91|673ee42e	34.00,392.80,241.77,23.80|410.15|e1ad00c3	34.00,392.80,241.77,23.80|410.15|e1ad00c3	f16f9336751253dc	e1ebafabf129f8b0
