# line-break baseline — geometry + text DIGESTS only, no book text
# spine	pages	lines	firstLine	lastLine	sha
0	1	0	-	-	e3b0c44298fc1c14
1	1	1	19.25,29.00,4.35,22.10|46.09|abfbd10d	19.25,29.00,4.35,22.10|46.09|abfbd10d	cab0f027f7f89a6f
2	1	1	19.25,29.00,4.35,22.10|46.09|abfbd10d	19.25,29.00,4.35,22.10|46.09|abfbd10d	cab0f027f7f89a6f
3	1	1	19.25,29.00,4.35,22.10|46.09|abfbd10d	19.25,29.00,4.35,22.10|46.09|abfbd10d	cab0f027f7f89a6f
4	12	26	130.59,29.85,17.69,23.21|47.80|0eb7ee7e	164.64,543.80,60.72,19.12|558.80|0b539352	7a2d43bb5d1e21f8
5	16	30	130.59,29.85,17.69,23.21|47.80|0eb7ee7e	127.67,543.80,134.66,19.12|558.80|04f5ac78	ffb6122ecc5b1a15
6	19	33	130.59,29.85,17.69,23.21|47.80|0eb7ee7e	164.64,543.80,60.72,19.12|558.80|f43252d7	ca5e78faf538bf79
7	10	24	130.59,29.85,17.69,23.21|47.80|0eb7ee7e	164.64,543.80,60.72,19.12|558.80|6634b282	59974dd47f2542b2
8	15	29	130.59,29.85,17.69,23.21|47.80|0eb7ee7e	164.64,543.80,60.72,19.12|558.80|6634b282	461ee4fbfd5dc403
9	8	264	175.45,208.61,39.10,29.32|229.27|668ca8fa	37.66,715.70,161.50,22.10|732.20|65afb2ac	3ebf43a5cc1111f0
10	5	130	126.58,208.61,136.85,29.32|229.27|afd55096	294.25,129.30,76.50,22.10|145.73|c0d1b778	5764e88c9423e9e8
11	3	88	136.35,208.61,117.30,29.32|229.27|fa5d77af	183.75,737.90,187.00,22.10|754.33|8dd84b6e	7a036c13a5599357
12	4	90	155.90,208.61,78.20,29.32|229.27|5a2e57ce	183.75,401.30,187.00,22.10|417.73|2d49cd75	3ad99a69d0986451
13	1	1	19.25,29.00,4.35,22.10|46.09|abfbd10d	19.25,29.00,4.35,22.10|46.09|abfbd10d	cab0f027f7f89a6f
14	1	5	164.02,146.87,61.97,33.28|171.52|f202e4c8	103.20,213.43,183.60,33.28|237.95|1e0eb510	de2eb00b5f195453
15	23	848	19.25,257.49,340.00,22.10|274.39|6c5c8508	37.66,409.80,177.65,22.10|426.30|4a74da37	f75828eb40b1a3e8
16	2	40	164.02,146.87,61.97,33.28|171.52|3d5245c8	37.66,188.80,258.40,22.10|205.30|e12b3302	32fa8190ce4f23a1
17	16	589	19.25,257.49,337.49,22.10|274.59|391c3e45	37.66,454.00,48.45,22.10|470.50|2e0d98ef	da4c1490739bca29
18	1	7	164.02,146.87,61.97,33.28|171.52|d9a00705	37.66,313.90,261.21,22.10|330.40|4a31766f	5f9ea5344b4bccc7
19	22	823	19.25,257.49,337.49,22.10|274.59|9f16f1b1	37.66,542.40,215.18,22.10|558.90|1b657007	75819c64fe1923b3
20	1	15	164.02,146.87,61.97,33.28|171.52|c5ca50bf	37.66,490.70,193.80,22.10|507.20|ff032817	1f5bb39ed7f2355f
21	14	517	19.25,257.49,303.55,22.10|274.59|c02273d0	37.66,498.20,290.70,22.10|514.70|1f9c0ff8	6d4bce5c96117f0d
22	1	14	164.02,146.87,61.97,33.28|171.52|a3931705	37.66,468.60,48.45,22.10|485.10|bc81da20	4f10f6fc7a4c9232
23	28	991	19.25,257.49,337.02,22.10|274.59|2b23d450	37.66,321.40,209.95,22.10|337.90|07f96915	d587fc800eff3e2a
24	1	8	164.02,146.87,61.97,33.28|171.52|adf144d0	37.66,358.10,258.40,22.10|374.60|6232697a	64b295e29640483c
25	14	489	19.25,257.49,337.25,22.10|274.59|fef9cbef	37.66,321.40,96.90,22.10|337.90|6b9cb9e7	f74a0dd36535893c
26	1	9	164.02,146.87,61.97,33.28|171.52|837fb4fa	37.66,380.20,129.20,22.10|396.70|bd9fe5e8	5172973abf2b5f91
27	14	502	19.25,257.49,337.25,22.10|274.59|a044aa87	37.66,498.20,290.70,22.10|514.70|21be26c8	433a54911e597e4a
28	1	8	164.02,146.87,61.97,33.28|171.52|1a82d0d0	37.66,358.10,129.20,22.10|374.60|6b6324c9	b2c1a6a97863a82c
29	13	442	19.25,257.49,303.78,22.10|274.59|a7dea468	37.66,785.50,96.90,22.10|802.00|eeed701e	fd571c294e7ce51f
30	1	5	164.02,146.87,61.97,33.28|171.52|60bdccd2	103.20,213.43,183.60,33.28|237.95|07ffb2c7	8fe1e69c5e6bd3cc
31	12	414	19.25,257.49,320.17,22.10|274.59|6c8ed029	37.66,12.00,177.65,22.10|28.50|f6878b05	92abf2972fac2ae9
32	1	5	164.02,146.87,61.97,33.28|171.52|5b110e6e	103.20,213.43,183.60,33.28|237.95|5e4ec501	b916b9dd5f75cb17
33	10	310	19.25,257.49,337.49,22.10|274.59|1f051d79	37.66,78.30,290.70,22.10|94.80|47e1ed86	8515b0c8f22e03bf
34	1	5	153.69,146.87,82.62,33.28|171.52|213e31e6	103.20,213.43,183.60,33.28|237.95|3dd8233d	ceb7aefc7e027b80
35	11	380	19.25,257.49,337.25,22.10|274.59|528b30fd	37.66,520.30,113.05,22.10|536.80|d6c7592a	3a0b4dc1d6d77a7e
36	1	5	153.69,146.87,82.62,33.28|171.52|a811e262	103.20,213.43,183.60,33.28|237.95|55889c97	e04427ccc1b4fcae
37	8	274	19.25,257.49,349.11,22.10|274.59|c884bae8	37.66,542.40,306.85,22.10|558.90|038413d3	bf4254f2f8f921ce
38	1	6	153.69,146.87,82.62,33.28|171.52|8e58381f	37.66,313.90,258.40,22.10|330.40|c2a731e7	1b74dccb8d2686c1
39	12	432	19.25,257.49,337.25,22.10|274.59|eb2f3863	37.66,365.60,32.30,22.10|382.10|21d793dc	e91db06e1ccb6a0c
40	1	12	153.69,146.87,82.62,33.28|171.52|597cb1f7	37.66,402.30,193.80,22.10|418.80|2c2b8c46	75a77db97ce02140
41	13	482	19.25,257.49,320.17,22.10|274.59|0a0657d4	37.66,697.10,258.40,22.10|713.60|3aad480e	6d60cc74548cff7b
42	1	5	153.69,146.87,82.62,33.28|171.52|da8bb676	103.20,213.43,183.60,33.28|237.95|503cb708	b22615d5dffd7bca
43	10	364	19.25,257.49,337.02,22.10|274.59|3a9364b9	37.66,675.00,161.50,22.10|691.50|aee5b1c1	76d6f2f83216b520
44	1	5	153.69,146.87,82.62,33.28|171.52|64e52e93	103.20,213.43,183.60,33.28|237.95|6b7c6ee1	d31a54ca327283d2
45	15	540	19.25,257.49,320.40,22.10|274.59|1bf116d3	37.66,343.50,80.75,22.10|360.00|1ee57857	22697a65fb9acd6c
46	2	37	112.38,146.87,165.24,33.28|171.52|9a484323	37.66,166.70,290.70,22.10|183.20|d5c22c70	06b9cd069f0932ee
47	41	1505	19.25,257.49,337.49,22.10|274.59|735f2bbd	37.66,741.30,64.60,22.10|757.80|2001c869	3781c9d4f5c6de03
48	1	18	153.69,146.87,82.62,33.28|171.52|321fe3d0	37.66,579.10,290.70,22.10|595.60|1d7cdcca	991d63f725b35b1a
49	17	587	19.25,257.49,337.49,22.10|274.59|772c96a6	37.66,365.60,80.75,22.10|382.10|2a688f71	3586bd8ca4976c09
50	1	5	153.69,146.87,82.62,33.28|171.52|78f6976d	103.20,213.43,183.60,33.28|237.95|88f2ac92	1e05f358cf4b0847
51	10	313	19.25,257.49,347.98,22.10|274.59|e6354951	37.66,34.10,48.45,22.10|50.60|4e12d435	b4f915b6f1759d38
52	1	5	143.36,146.87,103.28,33.28|171.52|8484ad27	103.20,213.43,183.60,33.28|237.95|174b75cb	616c3d5d607cd10a
53	13	451	19.25,257.49,337.49,22.10|274.59|92edab6f	37.66,122.50,290.70,22.10|139.00|5c2cff48	691f45152ba74e6c
54	1	5	143.36,146.87,103.28,33.28|171.52|ef3cf970	103.20,213.43,183.60,33.28|237.95|ffe733d7	44ca42796c2f51c7
55	19	653	19.25,257.49,337.25,22.10|274.59|3ce38a29	37.66,365.60,64.60,22.10|382.10|56f86e8a	4345c99603de8230
56	1	5	143.36,146.87,103.28,33.28|171.52|2345e80f	103.20,213.43,183.60,33.28|237.95|9b5a188b	f86e51e2ab28d27a
57	14	471	19.25,257.49,337.25,22.10|274.59|1ea9ac33	37.66,409.80,113.05,22.10|426.30|be24e42e	767c61808df33d69
58	1	5	143.36,146.87,103.28,33.28|171.52|95c8c325	103.20,213.43,183.60,33.28|237.95|23d6bd5e	55f9719203b52014
59	15	510	19.25,257.49,337.49,22.10|274.59|f94ee5ca	37.66,233.00,113.05,22.10|249.50|8edacb9f	0700e267c84a2b99
60	1	5	143.36,146.87,103.28,33.28|171.52|8bd3db78	103.20,213.43,183.60,33.28|237.95|8537833e	ac927cfe7b81ada1
61	16	541	19.25,257.49,337.72,22.10|274.59|e5575ab6	37.66,343.50,113.05,22.10|360.00|1d77731e	2c922347c08103e5
62	1	5	143.36,146.87,103.28,33.28|171.52|b4e4b52b	103.20,213.43,183.60,33.28|237.95|42eeaeba	0b25117843b58475
63	13	427	19.25,257.49,320.40,22.10|274.59|af8d0f4f	37.66,365.60,258.40,22.10|382.10|9e9da15d	e69e13a865428524
64	1	8	143.36,146.87,103.28,33.28|171.52|22a1a1f8	37.66,358.10,242.25,22.10|374.60|86874776	ae4dcbb538320ece
65	13	380	19.25,257.49,337.49,22.10|274.59|4b48fad4	37.66,34.10,64.60,22.10|50.60|1b4eb842	90097ab9b58ecd55
66	1	5	143.36,146.87,103.28,33.28|171.52|b12f8706	103.20,213.43,183.60,33.28|237.95|32ff55df	2de2f967f7c086cf
67	20	686	19.25,257.49,337.25,22.10|274.59|abbc4608	37.66,719.20,161.50,22.10|735.70|5b804aca	a2888212327571bd
68	1	5	143.36,146.87,103.28,33.28|171.52|5697aded	103.20,213.43,183.60,33.28|237.95|917412dc	bab4277ee4874b98
69	16	553	19.25,257.49,320.40,22.10|274.59|712da70c	37.66,210.90,161.50,22.10|227.40|45431a1f	33bc57d91cc615c0
70	1	10	153.69,146.87,82.62,33.28|171.52|f1fe7422	37.66,380.20,226.10,22.10|396.70|80a4eb31	3a3711f48f3e3219
71	10	343	19.25,257.49,337.49,22.10|274.59|441cc0fc	69.47,741.30,227.04,22.10|758.65|6a875916	4d44afdd22de32d1
72	1	11	143.36,146.87,103.28,33.28|171.52|cbea83c8	37.66,424.40,290.70,22.10|440.90|54726239	1856625cfb8f5d0d
73	13	438	19.25,257.49,337.25,22.10|274.59|2b643c7e	37.66,719.20,311.00,22.10|735.70|0b6268f1	fa19faea95f09de9
74	1	5	143.36,146.87,103.28,33.28|171.52|5349bec1	103.20,213.43,183.60,33.28|237.95|cd98206b	8115bb12d2e44f54
75	10	331	19.25,257.49,337.49,22.10|274.59|d7b9763d	37.66,431.90,209.95,22.10|448.40|c11d43b4	57f75ea015ef3a1d
76	1	9	143.36,146.87,103.28,33.28|171.52|71719c32	37.66,358.10,277.40,22.10|374.79|5b482bc5	c5d9df3a1423a491
77	9	286	19.25,257.49,337.25,22.10|274.59|a689428c	37.66,454.00,209.95,22.10|470.50|d692a46d	0586a87f889fa2f9
78	1	5	143.36,146.87,103.28,33.28|171.52|3b9a4979	103.20,213.43,183.60,33.28|237.95|15507404	c2b52e046aed4ded
79	13	414	19.25,257.49,337.25,22.10|274.59|972efb60	37.66,387.70,161.50,22.10|404.20|d51bea4b	6a9dcb1b09c133e5
80	1	5	143.36,146.87,103.28,33.28|171.52|b5cc3e58	103.20,213.43,183.60,33.28|237.95|e206bae6	7356d56587da11f7
81	13	438	19.25,257.49,337.25,22.10|274.59|9cb22254	37.66,564.50,209.95,22.10|581.00|8300745f	b11b072318bb2577
82	1	10	143.36,146.87,103.28,33.28|171.52|f08001a3	37.66,380.20,48.45,22.10|396.70|4e12d435	c554f1a4b478f5eb
83	12	400	19.25,257.49,337.25,22.10|274.59|f260509e	37.66,564.50,290.70,22.10|581.00|070d981c	6897171a0cf472d8
84	1	5	143.36,146.87,103.28,33.28|171.52|04b004df	103.20,213.43,183.60,33.28|237.95|1fc0461b	8814a7cc2cd7786a
85	21	691	19.25,257.49,151.66,22.10|274.59|521e3963	37.66,122.50,193.80,22.10|139.00|d6d89c05	289d53bf679cf91a
86	1	5	143.36,146.87,103.28,33.28|171.52|a4184b68	103.20,213.43,183.60,33.28|237.95|dd419948	d5ea0538bffbc374
87	20	641	19.25,257.49,337.49,22.10|274.59|14b28147	37.66,100.40,242.25,22.10|116.90|91953821	58c33ea52d75242e
88	1	9	143.36,146.87,103.28,33.28|171.52|deec3113	37.66,380.20,48.45,22.10|396.70|f99a77d2	a4c458dfc98d0494
89	12	392	19.25,257.49,349.11,22.10|274.59|58830021	37.66,144.60,226.10,22.10|161.10|84a004ca	53b122191cc7f966
90	1	8	153.69,146.87,82.62,33.28|171.52|aa5ba2a7	37.66,358.10,113.05,22.10|374.60|954a2eff	5078f07ff3689983
91	20	693	19.25,257.49,337.49,22.10|274.59|76146feb	37.66,56.20,113.05,22.10|72.70|c5a2e40c	b00cdb131c67f69d
92	1	5	143.36,146.87,103.28,33.28|171.52|b49b6e41	103.20,213.43,183.60,33.28|237.95|2fdc3014	37c049a16f08e9d2
93	14	505	19.25,257.49,348.88,22.10|274.59|babb4e4a	37.66,520.30,161.50,22.10|536.80|47e6b58c	210a6a7069a0dfe3
94	1	9	143.36,146.87,103.28,33.28|171.52|ec344bbf	37.66,358.10,129.20,22.10|374.60|3f397004	4b259b93d1717bdc
95	16	572	19.25,257.49,337.72,22.10|274.59|3f1f9da6	37.66,498.20,242.25,22.10|514.70|e21ab316	3b711d77e7d9b105
96	1	5	143.36,146.87,103.28,33.28|171.52|89f69caf	103.20,213.43,183.60,33.28|237.95|72e318fd	111622df839743f6
97	13	433	19.25,257.49,337.02,22.10|274.59|2a5f4318	37.66,188.80,258.40,22.10|205.30|7b0dded3	4f747190309a8d32
98	1	5	143.36,146.87,103.28,33.28|171.52|1a587e90	103.20,213.43,183.60,33.28|237.95|3536a021	f36a0a04d81c8008
99	12	393	19.25,257.49,326.86,22.10|274.59|eeab3c1e	37.66,100.40,274.55,22.10|116.90|4e4da819	ff61630db4fae0d8
100	1	9	143.36,146.87,103.28,33.28|171.52|439984cb	37.66,358.10,113.50,22.10|374.60|0ef0ef65	d972114521581a72
101	16	554	19.25,257.49,134.81,22.10|274.59|860e9cdb	37.66,78.30,32.30,22.10|94.80|002c2b82	a3bb8502a69acc81
102	1	5	143.36,146.87,103.28,33.28|171.52|4bbe2bda	103.20,213.43,183.60,33.28|237.95|10cc567e	ca27ff1006e48af7
103	14	476	19.25,257.49,337.49,22.10|274.59|8e46fb7d	37.66,564.50,145.35,22.10|581.00|48adaa95	c822fc54ee3d053c
104	1	5	143.36,146.87,103.28,33.28|171.52|2640d483	103.20,213.43,183.60,33.28|237.95|7e5fe299	1925be3a4d7086de
105	13	442	19.25,257.49,337.49,22.10|274.59|989e306f	37.66,233.00,80.75,22.10|249.50|2a688f71	749ba2b82546d947
106	1	8	143.36,146.87,103.28,33.28|171.52|0fcc29e2	37.66,358.10,32.30,22.10|374.60|457a5316	32ca34b15f4053ef
107	14	473	19.25,257.49,320.64,22.10|274.59|287f5912	37.66,255.10,193.80,22.10|271.60|d5b7cc9b	36c08b19731013ce
108	1	5	143.36,146.87,103.28,33.28|171.52|4a6d8c01	103.20,213.43,183.60,33.28|237.95|5f51d3ca	b3a3e57f72883080
109	15	528	19.25,257.49,349.11,22.10|274.59|b6a83d5b	37.66,498.20,129.20,22.10|514.70|9b681972	874fee4775d10cde
110	1	7	153.69,146.87,82.62,33.28|171.52|b06dafb2	37.66,336.00,161.50,22.10|352.50|cd0a983d	83ce0b3cba2398dd
111	25	758	19.25,257.49,315.41,22.10|274.59|659be91f	37.66,277.20,80.75,22.10|293.70|7332cd14	8fdc8fe26a75eb2a
112	1	7	143.36,146.87,103.28,33.28|171.52|399d64f0	37.66,336.00,274.55,22.10|352.50|a8972cd7	9588fcb2374d6415
113	17	622	19.25,257.49,320.17,22.10|274.59|5b0c769e	37.66,697.10,96.90,22.10|713.60|6bcfd443	5c460621b423be2b
114	1	5	143.36,146.87,103.28,33.28|171.52|1f13b24b	103.20,213.43,183.60,33.28|237.95|f5c8d2f2	911dfb8cfacbe15f
115	15	485	19.25,257.49,349.34,22.10|274.59|a577967c	37.66,56.20,80.75,22.10|72.70|1e1276bc	070c1bf606701a8a
116	1	5	143.36,146.87,103.28,33.28|171.52|00ddd8f8	103.20,213.43,183.60,33.28|237.95|295a44ac	e413f506c84f6a5f
117	17	575	19.25,257.49,320.40,22.10|274.59|86b78805	37.66,34.10,290.64,22.10|50.60|d127ec63	b914e5fc93cfc29a
118	1	5	143.36,146.87,103.28,33.28|171.52|9aef70bf	103.20,213.43,183.60,33.28|237.95|47434297	43a2847aa025b253
119	16	565	19.25,257.49,337.25,22.10|274.59|d437c184	37.66,564.50,274.55,22.10|581.00|a4759d8c	b4537de9d458f6ed
120	1	5	143.36,146.87,103.28,33.28|171.52|690f1c3b	103.20,213.43,183.60,33.28|237.95|a47078c3	6385714ea3fd919a
121	14	456	19.25,257.49,337.49,22.10|274.59|be0a004e	37.66,100.40,80.75,22.10|116.90|a7df058d	0376059ff991ebfb
122	1	5	143.36,146.87,103.28,33.28|171.52|f80963da	103.20,213.43,183.60,33.28|237.95|e49ae8db	db80735a14da675f
123	15	512	19.25,257.49,337.49,22.10|274.59|34b10134	37.66,498.20,258.40,22.10|514.70|79388fbe	874d160105061b0c
124	1	5	143.36,146.87,103.28,33.28|171.52|9bc56859	103.20,213.43,183.60,33.28|237.95|c559fc02	a0f8f95016346537
125	19	644	19.25,257.49,337.49,22.10|274.59|8b1774c6	37.66,454.00,193.80,22.10|470.50|fd1bdfb5	42ba66f14d7cbbfc
126	1	13	143.36,146.87,103.28,33.28|171.52|cb937cd1	37.66,424.40,196.29,22.10|440.90|dc311311	a013478917740ab4
127	13	455	19.25,257.49,337.25,22.10|274.59|32dbdd93	37.66,608.70,32.30,22.10|625.20|59b7127a	9a883e7eb4687a61
128	1	5	143.36,146.87,103.28,33.28|171.52|c10538e4	103.20,213.43,183.60,33.28|237.95|3adfc638	c563850435d01ee5
129	9	295	19.25,257.49,320.40,22.10|274.59|2a588886	37.66,476.10,161.50,22.10|492.60|77499cd3	cbe6fa00d43d9050
130	1	5	153.69,146.87,82.62,33.28|171.52|ffe091f8	103.20,213.43,183.60,33.28|237.95|c80a7546	681b10124986eff9
131	13	424	19.25,257.49,320.64,22.10|274.59|0f1a120f	37.66,210.90,258.40,22.10|227.40|adccca2d	6306a46ac95d30e0
132	1	1	19.25,29.00,4.35,22.10|46.09|abfbd10d	19.25,29.00,4.35,22.10|46.09|abfbd10d	cab0f027f7f89a6f
133	1	18	143.36,146.87,103.28,33.28|171.52|1e6cb6d5	37.66,557.00,145.35,22.10|573.50|037cfc3d	d06925e0145752fc
134	12	395	19.25,257.49,349.11,22.10|274.59|a819ac28	37.66,233.00,161.50,22.10|249.50|cf7d3321	70fc80d7d96993bd
135	1	12	143.36,146.87,103.28,33.28|171.52|a3a2b123	37.66,446.50,274.55,22.10|463.00|04e58d82	cbc94ad5757f58ea
136	23	786	19.25,257.49,348.88,22.10|274.59|d7d8e715	37.66,365.60,32.30,22.10|382.10|af1aef19	9f1e9c70a4f474ad
137	1	5	143.36,146.87,103.28,33.28|171.52|2ff2fca6	103.20,213.43,183.60,33.28|237.95|8455c64f	2d61e84a265b32f3
138	22	786	19.25,257.49,349.11,22.10|274.59|b432c0cf	37.66,520.30,193.80,22.10|536.80|e4bb3043	a948a8f22474ce5f
139	1	8	143.36,146.87,103.28,33.28|171.52|b831c1a3	37.66,358.10,242.25,22.10|374.60|9d14e1f3	05d43cf7c46979d9
140	21	709	19.25,257.49,337.49,22.10|274.59|97f71e6d	37.66,56.20,32.30,22.10|72.70|9d3a355c	56ad39a80814d5a6
141	1	9	143.36,146.87,103.28,33.28|171.52|ac36dd8b	37.66,358.10,64.60,22.10|374.60|7f6d75d4	44a2032f95cd682d
142	12	425	19.25,257.49,337.95,22.10|274.59|41302f36	37.66,763.40,290.70,22.10|779.90|314da22b	38603548d0556cc9
143	1	5	143.36,146.87,103.28,33.28|171.52|bc0a6d03	103.20,213.43,183.60,33.28|237.95|d99d2fe0	04a3df8987c3b3f9
144	9	299	19.25,257.49,332.26,22.10|274.59|7d4cf1cc	37.66,719.10,226.10,22.10|735.60|290bf7b0	eb9c997441b77886
145	1	10	143.36,146.87,103.28,33.28|171.52|ee54818e	37.66,402.30,274.55,22.10|418.80|e4eec38d	f6774de9cf91d140
146	15	486	19.25,257.49,320.64,22.10|274.59|0fef24a8	37.66,299.20,209.95,22.10|315.70|30510f82	dc4e93ac1238eed7
147	1	7	143.36,146.87,103.28,33.28|171.52|632edbb2	37.66,313.90,306.85,22.10|330.40|b826f343	e57dcb4b11fa6453
148	13	431	19.25,257.49,337.49,22.10|274.59|07b6518a	37.66,520.30,145.35,22.10|536.80|8eaef8ea	493f2ec9915ea6fb
149	1	7	143.36,146.87,103.28,33.28|171.52|49ac4c47	37.66,313.90,177.65,22.10|330.40|f64c5b0c	a86f19f09bd594ff
150	12	411	19.25,257.49,320.64,22.10|274.59|30e11dd1	37.66,675.00,306.85,22.10|691.50|c1276ed8	4ff359f94dfd6c0f
151	1	5	153.69,146.87,82.62,33.28|171.52|4bc9670f	103.20,213.43,183.60,33.28|237.95|ae1ec9c4	217628754ba42aba
152	14	466	19.25,257.49,337.25,22.10|274.59|44fd58ee	37.66,454.00,258.40,22.10|470.50|559a9044	2fa663161b453cdf
153	1	5	143.36,146.87,103.28,33.28|171.52|0e2d5ba4	103.20,213.43,183.60,33.28|237.95|1c0111df	a22438023c122bb7
154	16	574	19.25,257.49,337.49,22.10|274.59|1cd826ad	37.66,719.20,209.95,22.10|735.70|0a88d35b	1b68e397c7b0a813
155	1	5	143.36,146.87,103.28,33.28|171.52|93ea7be8	103.20,213.43,183.60,33.28|237.95|f0bc1210	20cbf3120b312833
156	14	471	19.25,257.49,337.72,22.10|274.59|c2711e21	37.66,100.40,32.30,22.10|116.90|002c2b82	3dc67e8b752dcb26
157	1	5	143.36,146.87,103.28,33.28|171.52|1848e39e	103.20,213.43,183.60,33.28|237.95|8cdac459	899fb820946165d0
158	15	509	19.25,257.49,337.49,22.10|274.59|393e9549	37.66,144.60,290.70,22.10|161.10|e045fa3d	0ea69acd8767bf6a
159	1	9	143.36,146.87,103.28,33.28|171.52|5e0cf506	37.66,358.10,32.30,22.10|374.60|f384b6b9	6c57a9f597f6d7d5
160	20	690	19.25,257.49,337.49,22.10|274.59|f81e3080	37.66,233.00,32.30,22.10|249.50|b0f34f59	728fc2411bba512a
161	1	5	143.36,146.87,103.28,33.28|171.52|be8ea875	103.20,213.43,183.60,33.28|237.95|3fd3e716	7e5bdfa702a04617
162	18	606	19.25,257.49,337.25,22.10|274.59|52a4c103	37.66,34.10,290.70,22.10|50.60|2d06455f	072f94009497110f
163	1	7	143.36,146.87,103.28,33.28|171.52|710ba4f9	37.66,336.00,177.65,22.10|352.50|448e7c05	9a4a65b95745890b
164	20	623	19.25,257.49,337.25,22.10|274.59|efb78653	37.66,34.10,145.35,22.10|50.60|5048e1a7	977614b644e873e2
165	1	5	143.36,146.87,103.28,33.28|171.52|da1ed2db	103.20,213.43,183.60,33.28|237.95|3decebc4	920feaa5eaaa4561
166	19	658	19.25,257.49,337.49,22.10|274.59|938ee02d	37.66,476.10,226.10,22.10|492.60|d0dc9796	1d3887adc89fbd1c
167	1	8	143.36,146.87,103.28,33.28|171.52|e8dbc1ea	37.66,358.10,96.90,22.10|374.60|f4edf1b0	99e135c26af0f9c7
168	28	1034	19.25,257.49,337.25,22.10|274.59|16d2e757	37.66,608.70,80.75,22.10|625.20|9f062c1c	f425348fc9eddec2
169	1	12	143.36,146.87,103.28,33.28|171.52|5dd4e714	37.66,446.50,96.90,22.10|463.00|a8115873	15f11b8946ff9e18
170	10	339	19.25,257.49,337.49,22.10|274.59|a483feaa	37.66,431.90,209.95,22.10|448.40|aeb6eabb	62d8e02cdd24bdfd
171	1	11	153.69,146.87,82.62,33.28|171.52|18f4b391	37.66,424.40,274.55,22.10|440.90|2f2aea5a	3add58c033395cee
172	13	433	19.25,257.49,337.72,22.10|274.59|bcaf7aca	37.66,255.10,32.30,22.10|271.60|002c2b82	b07e52b93417d0e8
173	1	13	143.36,146.87,103.28,33.28|171.52|c4354988	37.66,424.40,258.40,22.10|440.90|25f196f4	b5db062b82212729
174	12	427	19.25,257.49,337.49,22.10|274.59|7a5a8eb6	37.66,608.70,274.55,22.10|625.20|bba97072	147c510aed5a12b6
175	1	5	143.36,146.87,103.28,33.28|171.52|02371482	103.20,213.43,183.60,33.28|237.95|bba366d1	9cc0a3300a13b037
176	14	473	19.25,257.49,349.34,22.10|274.59|2b0eec9c	37.66,56.20,161.50,22.10|72.70|eecf43b7	4f70323a7ed495dc
177	1	5	143.36,146.87,103.28,33.28|171.52|d5f77b56	103.20,213.43,183.60,33.28|237.95|83631666	473bf282f097cb40
178	14	491	19.25,257.49,320.40,22.10|274.59|53809002	37.66,454.00,274.55,22.10|470.50|14c14487	9a72d1339cd100aa
179	1	5	143.36,146.87,103.28,33.28|171.52|8e73abdb	103.20,213.43,183.60,33.28|237.95|799d6231	ca3f962336a6738f
180	14	466	19.25,257.49,320.17,22.10|274.59|f7b7650e	37.66,12.00,290.70,22.10|28.50|c036c286	0e4fb3e239f4a761
181	1	9	143.36,146.87,103.28,33.28|171.52|74835852	37.66,358.10,48.45,22.10|374.60|7c74f305	2621d24c776f02c8
182	13	458	19.25,257.49,337.25,22.10|274.59|ad8ee473	37.66,763.40,145.35,22.10|779.90|24936ec5	b7f25668c1cefe00
183	1	5	143.36,146.87,103.28,33.28|171.52|ff16f6b3	103.20,213.43,183.60,33.28|237.95|2e34c906	21838379972a8c42
184	12	425	19.25,257.49,320.40,22.10|274.59|7443c933	37.66,476.10,32.30,22.10|492.60|002c2b82	378044ec208837d9
185	1	5	143.36,146.87,103.28,33.28|171.52|e6378a18	103.20,213.43,183.60,33.28|237.95|8592f8e3	6df63628d0cedcd0
186	14	490	19.25,257.49,337.49,22.10|274.59|4a9db08b	37.66,321.40,274.55,22.10|337.90|3ac0c5e9	7a12af155f3c2f09
187	1	5	143.36,146.87,103.28,33.28|171.52|a6989007	103.20,213.43,183.60,33.28|237.95|330cdee0	eb4c423e165c086b
188	11	385	19.25,257.49,337.25,22.10|274.59|cc8f1d06	37.66,564.50,177.65,22.10|581.00|e5a73187	c11db06f25a57065
189	1	12	143.36,146.87,103.28,33.28|171.52|7e4e794a	37.66,424.40,96.90,22.10|440.90|5b577f87	b86595650b1470e1
190	11	366	19.25,257.49,337.49,22.10|274.59|15379aa0	37.66,299.30,145.35,22.10|315.80|c0ec97a9	b5deb066df165110
191	1	6	153.69,146.87,82.62,33.28|171.52|d0520075	37.66,313.90,96.90,22.10|330.40|b367c37c	220391d10d1fd19c
192	10	330	19.25,257.49,337.49,22.10|274.59|45b0c318	37.66,409.70,32.30,22.10|426.20|002c2b82	8f6f9943d8a7bac4
193	1	5	143.36,146.87,103.28,33.28|171.52|fc1287ec	103.20,213.43,183.60,33.28|237.95|4ade91be	1245f18e1f05e4fa
194	10	344	19.25,257.49,320.64,22.10|274.59|96e0fecb	37.66,299.30,48.45,22.10|315.80|e6a07464	35f6f1f48abf525b
195	1	7	143.36,146.87,103.28,33.28|171.52|fc54198f	37.66,336.00,80.75,22.10|352.50|b1b2cfde	cbaa58bd71f4e87f
196	14	519	19.25,257.49,349.11,22.10|274.59|33ab8a35	37.66,564.50,32.30,22.10|581.00|9bbb7845	f5164672c6d063a4
197	1	5	143.36,146.87,103.28,33.28|171.52|53a9ec7d	103.20,213.43,183.60,33.28|237.95|c1d53e35	254664c744efa66a
198	11	366	19.25,257.49,349.11,22.10|274.59|9bf2b87f	37.66,321.40,242.25,22.10|337.90|2922a12e	b3126d34b2543536
199	1	5	143.36,146.87,103.28,33.28|171.52|c20ea760	103.20,213.43,183.60,33.28|237.95|470ce745	b3e2cff596540947
200	13	450	19.25,257.49,337.49,22.10|274.59|30fbcfea	37.66,697.00,129.20,22.10|713.50|3c98a787	b1498f4d4cbebed2
201	1	5	143.36,146.87,103.28,33.28|171.52|a9d3bf8e	103.20,213.43,183.60,33.28|237.95|4b4bb818	740278df54c8159d
202	11	363	19.25,257.49,337.25,22.10|274.59|976659b5	37.66,233.00,48.45,22.10|249.50|4e12d435	33113cdbb58eb2ab
203	1	5	143.36,146.87,103.28,33.28|171.52|2f8af138	103.20,213.43,183.60,33.28|237.95|1163bced	38d487d3d433c6dc
204	11	367	19.25,257.49,337.49,22.10|274.59|6df325b2	37.66,233.00,290.70,22.10|249.50|f5f85463	a4c882ea382540bf
205	1	5	143.36,146.87,103.28,33.28|171.52|92dfb895	103.20,213.43,183.60,33.28|237.95|2cde16a2	742ff63401c9c348
206	17	560	19.25,257.49,337.49,22.10|274.59|2359b67e	37.66,56.20,274.55,22.10|72.70|68ed53d8	dab5270eda055e97
207	1	5	143.36,146.87,103.28,33.28|171.52|fdb46e2c	103.20,213.43,183.60,33.28|237.95|1149b174	4c65b57506a15d20
208	10	314	19.25,257.49,320.64,22.10|274.59|34e9729a	37.66,299.20,242.25,22.10|315.70|54d2399b	0fed612c3d05f5b2
209	1	11	143.36,146.87,103.28,33.28|171.52|a8185ab2	37.66,402.30,209.95,22.10|418.80|ad514cba	f5e9ed964c16d18a
210	11	394	19.25,257.49,341.74,22.10|274.59|d920de0a	37.66,476.10,161.50,22.10|492.60|25ff4878	577c6f82f1ae604a
211	1	5	143.36,146.87,103.28,33.28|171.52|ce1a60fe	103.20,213.43,183.60,33.28|237.95|83ece960	a271fc75ce433697
212	9	304	19.25,257.49,337.49,22.10|274.59|b00f177b	37.66,431.80,113.05,22.10|448.30|26be2646	88ef263f46ce06f0
213	1	5	143.36,146.87,103.28,33.28|171.52|dc149be9	103.20,213.43,183.60,33.28|237.95|910187b6	5c237fbd8fb4950b
214	13	434	19.25,257.49,337.49,22.10|274.59|b8b202fa	37.66,144.60,145.35,22.10|161.10|f0aa3b99	f89a566e21f2ffad
215	1	8	143.36,146.87,103.28,33.28|171.52|90a19893	37.66,358.10,129.20,22.10|374.60|75e5ba1b	61723484c0c6f969
216	10	332	19.25,257.49,337.49,22.10|274.59|fe5436ca	37.66,122.50,242.25,22.10|139.00|6bb05c9b	5593fbd0b605db2e
217	1	5	143.36,146.87,103.28,33.28|171.52|a5fee010	103.20,213.43,183.60,33.28|237.95|fd7f795b	80cda318f9485615
218	11	381	19.25,257.49,337.49,22.10|274.59|3dad0bab	37.66,476.10,226.10,22.10|492.60|0f07e720	bf413e5cdedd61bc
219	1	5	143.36,146.87,103.28,33.28|171.52|c140a532	103.20,213.43,183.60,33.28|237.95|6e238a0b	a73253fc1e0d5153
220	10	328	19.25,257.49,337.49,22.10|274.59|de8dee23	37.66,299.20,96.90,22.10|315.70|83e38726	0051ab897c77b4b7
221	1	12	143.36,146.87,103.28,33.28|171.52|652f57c3	37.66,424.40,32.30,22.10|440.90|b87a21a1	e0d6d28cbf57a745
222	10	347	19.25,257.49,337.25,22.10|274.59|ee9425b8	37.66,277.20,96.90,22.10|293.70|27d740d4	ee670ef1cd67e2e3
223	1	5	143.36,146.87,103.28,33.28|171.52|ed8fde80	103.20,213.43,183.60,33.28|237.95|c73e90b7	eacdd1b841901e9e
224	9	306	19.25,257.49,337.49,22.10|274.59|012b4134	37.66,559.30,177.65,22.10|575.80|0093010e	81f58d1cb60ac5f2
225	1	5	143.36,146.87,103.28,33.28|171.52|6b342ac0	103.20,213.43,183.60,33.28|237.95|91e8e4ab	57badc6aac89811d
226	10	352	19.25,257.49,202.45,22.10|274.59|4d5192b3	37.66,763.30,274.55,22.10|779.80|38dfa620	4b5e36fec2533190
227	1	5	143.36,146.87,103.28,33.28|171.52|eae6519b	103.20,213.43,183.60,33.28|237.95|afe7876b	febbc3efc620c450
228	12	418	19.25,257.49,337.25,22.10|274.59|5ff00428	37.66,321.40,226.10,22.10|337.90|36762f95	085fa441dc22da35
229	1	8	143.36,146.87,103.28,33.28|171.52|a7abb0b6	37.66,358.10,129.20,22.10|374.60|29bb8e3d	fc066116c4ef0c62
230	14	478	19.25,257.49,337.49,22.10|274.59|e0180e58	37.66,520.20,145.35,22.10|536.70|0d69edfd	5381fbde80ac0600
231	1	8	143.36,146.87,103.28,33.28|171.52|7dd170df	37.66,336.00,32.30,22.10|352.50|7c3a1c32	529d53f0425d4140
232	11	368	19.25,257.49,348.88,22.10|274.59|dd9d9112	37.66,255.10,48.45,22.10|271.60|25954e10	dfd21b5e3a28e122
233	1	7	143.36,146.87,103.28,33.28|171.52|4090f6df	37.66,313.90,244.53,22.10|330.40|6ce1b4a1	fc90447f47adb63b
234	12	393	19.25,257.49,337.49,22.10|274.59|0ef40993	37.66,78.30,129.20,22.10|94.80|fc2ed280	147f6437ab00474a
235	1	8	143.36,146.87,103.28,33.28|171.52|d013bb9c	37.66,336.00,145.35,22.10|352.50|e57d8fa0	57ebfe8de2a04d70
236	11	381	19.25,257.49,337.25,22.10|274.59|61a8cec9	37.66,608.60,242.25,22.10|625.10|bbf595ea	c63aca6f838f82b8
237	1	5	143.36,146.87,103.28,33.28|171.52|bee85528	103.20,213.43,183.60,33.28|237.95|788dcbd8	d5b3385a19b055d6
238	11	356	19.25,257.49,337.49,22.10|274.59|6db8a7eb	37.66,144.60,48.45,22.10|161.10|4e12d435	2543a1be9c7ce8e1
239	1	8	143.36,146.87,103.28,33.28|171.52|714c9b5e	37.66,336.00,48.45,22.10|352.50|fa791de9	8b1865385114e8db
240	8	270	19.25,257.49,337.49,22.10|274.59|1b3edaf0	37.66,542.30,48.45,22.10|558.80|53c64f81	4df5cda44b9ff96b
241	1	5	143.36,146.87,103.28,33.28|171.52|090aac8a	103.20,213.43,183.60,33.28|237.95|668827ea	e18b8837c741afe5
242	12	394	19.25,257.49,337.25,22.10|274.59|b6630bba	37.66,56.20,226.10,22.10|72.70|92d401d0	9a025b69fe55ee2c
243	1	5	143.36,146.87,103.28,33.28|171.52|fac29f61	103.20,213.43,183.60,33.28|237.95|54f5fe5a	c7812fd1036a0da5
244	11	352	19.25,257.49,320.64,22.10|274.59|aa1e1a4b	37.66,188.70,242.25,22.10|205.20|923eafc1	085b8d3e6c14723b
245	1	5	143.36,146.87,103.28,33.28|171.52|09a130ef	103.20,213.43,183.60,33.28|237.95|42823863	36716bd9eb810ff3
246	12	418	19.25,257.49,337.25,22.10|274.59|ba5b3ee9	37.66,542.40,118.28,22.10|558.90|b53cd5e7	ba7e491019c485ef
247	1	5	143.36,146.87,103.28,33.28|171.52|75485ac4	103.20,213.43,183.60,33.28|237.95|5623ba39	566b50e1062e9cf9
248	13	445	19.25,257.49,337.49,22.10|274.59|ec21aaa5	37.66,498.20,274.55,22.10|514.70|7dd24250	5972f04be932d68e
249	1	5	143.36,146.87,103.28,33.28|171.52|72e0f209	103.20,213.43,183.60,33.28|237.95|37995c40	745245ce35754c06
250	15	516	19.25,257.49,337.49,22.10|274.59|08a9d9b1	37.66,520.30,161.50,22.10|536.80|656db60f	1f81c5fc95b5d361
251	1	5	143.36,146.87,103.28,33.28|171.52|a3ddc25a	103.20,213.43,183.60,33.28|237.95|c85cdb90	509b3f82dccb6b57
252	14	467	19.25,257.49,337.49,22.10|274.59|a577c583	37.66,233.00,274.55,22.10|249.50|b7a2f81e	177904343053c70b
253	1	1	15.66,29.00,4.35,22.10|46.09|abfbd10d	15.66,29.00,4.35,22.10|46.09|abfbd10d	6422bd6e577db1df
254	1	1	19.25,29.00,4.35,22.10|46.09|abfbd10d	19.25,29.00,4.35,22.10|46.09|abfbd10d	cab0f027f7f89a6f
255	2	52	16.00,249.28,45.90,30.60|272.27|2366052c	168.66,284.00,169.86,22.10|300.43|f0523a43	2b286adb3e1e4b77
256	1	24	16.00,249.28,61.20,30.60|272.27|aa757848	15.66,725.28,34.00,22.10|741.71|5c6a9b1f	6d40e67d814fa310
257	1	3	169.50,253.69,51.00,22.10|270.67|9134b008	93.00,275.79,204.00,22.79|294.20|59a9e492	ad7087f348159ebf
258	5	276	15.66,232.90,357.00,22.10|249.33|d91f666b	34.00,452.85,225.94,17.68|467.14|5f573b2c	93151c85bd2d78f5
259	10	485	16.00,249.28,153.00,30.60|272.27|cd25b767	34.00,665.06,225.94,17.68|679.35|5f573b2c	adc570f94c87d592
260	10	461	16.00,249.28,198.90,30.60|272.27|c0515732	34.00,65.05,225.94,17.68|79.35|5f573b2c	721a22c82cc6ce96
261	9	427	16.00,249.28,183.60,30.60|272.27|09171075	34.00,594.32,225.94,17.68|608.61|5f573b2c	3c375cb832ca134a
262	1	3	169.50,253.69,51.00,22.10|270.67|50b57dc0	93.00,275.79,204.00,22.79|294.20|756b7aec	d5b35e18f5174b0d
263	3	189	15.66,232.90,204.00,22.10|249.99|82cc4856	34.00,719.37,32.30,17.68|733.66|fa6e2616	183458efff976d5e
264	22	881	16.00,249.28,143.84,30.60|272.27|5c6a24c0	34.00,684.00,32.30,17.68|698.29|fa6e2616	7177d33e9d08432a
265	9	447	16.00,249.28,61.20,30.60|272.27|b8258093	34.00,701.69,32.30,17.68|715.98|fa6e2616	98d046dd0def4c45
266	1	3	169.50,253.69,51.00,22.10|270.67|c59b4c14	82.80,275.79,224.40,22.79|294.20|85ab897e	790ea23e4cf9c6d9
267	1	11	15.66,232.90,357.00,22.10|249.33|c91704a3	15.66,409.70,68.00,22.10|426.13|282c103a	c541b40c0dd52454
268	6	230	16.00,249.28,168.30,30.60|272.27|0bcc3850	34.00,12.00,153.18,17.68|26.29|72222e51	6fb673fe15aef88a
269	8	309	16.00,249.28,122.40,30.60|272.27|e9aebbdf	34.00,418.74,153.18,17.68|433.03|72222e51	0bd2887f58fdbee7
270	12	517	16.00,249.28,122.40,30.60|272.27|ff8c6ec0	34.00,171.16,153.18,17.68|185.45|72222e51	b7bfbdb0c6d1f93b
271	22	983	16.00,249.28,122.40,30.60|272.27|9d6ba82a	34.00,383.37,153.18,17.68|397.66|72222e51	cc5dc5959e3f6b7f
272	1	9	99.84,158.40,17.00,20.40|174.53|af50a0fe	32.30,293.61,25.50,28.49|316.62|c7cce240	076dc7087e165c2e
273	1	1	19.25,29.00,4.35,22.10|46.09|abfbd10d	19.25,29.00,4.35,22.10|46.09|abfbd10d	cab0f027f7f89a6f
274	1	1	19.25,29.00,4.35,22.10|46.09|abfbd10d	19.25,29.00,4.35,22.10|46.09|abfbd10d	cab0f027f7f89a6f
275	1	1	19.25,29.00,4.35,22.10|46.09|abfbd10d	19.25,29.00,4.35,22.10|46.09|abfbd10d	cab0f027f7f89a6f
276	1	1	19.25,29.00,4.35,22.10|46.09|abfbd10d	19.25,29.00,4.35,22.10|46.09|abfbd10d	cab0f027f7f89a6f
277	1	1	19.25,29.00,4.35,22.10|46.09|abfbd10d	19.25,29.00,4.35,22.10|46.09|abfbd10d	cab0f027f7f89a6f
278	16	27	141.70,29.85,17.69,23.21|47.80|0cff3c9b	170.70,543.80,48.61,19.12|558.80|f379108b	9abf0b479015da68
279	5	18	130.59,29.85,17.69,23.21|47.80|e0d5a9cb	174.12,543.80,41.76,19.12|558.80|61022c23	23811d4555c21942
280	12	748	15.66,232.90,187.00,22.10|249.33|eba3658d	34.00,241.90,96.42,17.68|256.19|31f6ceea	e1a1155dad9908b6
281	25	1230	16.00,247.92,183.60,30.60|270.91|690b9344	34.00,47.37,96.42,17.68|61.66|31f6ceea	330d45a823dd26c0
282	26	1257	16.00,247.92,229.50,30.60|270.91|96b5f4a7	34.00,153.47,96.42,17.68|167.77|31f6ceea	90b683ff7aec52be
283	21	1104	16.00,247.92,220.34,30.60|270.91|4c234be1	34.00,471.79,96.42,17.68|486.08|31f6ceea	1374af143d08b722
284	21	1155	16.00,247.92,137.70,30.60|270.91|a4e2d4ec	34.00,772.42,96.42,17.68|786.72|31f6ceea	6a07a248d36da8b2
285	38	1805	16.00,247.92,198.90,30.60|270.91|4479ed23	34.00,312.63,96.42,17.68|326.92|31f6ceea	1263aba16b3da30d
286	28	1254	16.00,247.92,122.40,30.60|270.91|db7a5ca3	34.00,12.00,96.42,17.68|26.29|31f6ceea	bead2d73093e8865
287	14	811	16.00,247.92,61.20,30.60|270.91|9b2b64f5	34.00,153.47,96.42,17.68|167.77|31f6ceea	e13935524f5ab387
288	1	9	99.84,158.40,17.00,20.40|174.53|af50a0fe	32.30,293.61,25.50,28.49|316.62|c7cce240	9d04e09328263b8b
289	1	1	19.25,29.00,4.35,22.10|46.09|abfbd10d	19.25,29.00,4.35,22.10|46.09|abfbd10d	cab0f027f7f89a6f
290	1	1	19.25,29.00,4.35,22.10|46.09|abfbd10d	19.25,29.00,4.35,22.10|46.09|abfbd10d	cab0f027f7f89a6f
291	11	22	141.70,29.85,17.69,23.21|47.80|7f327f7e	174.12,543.80,41.76,19.12|558.80|720f3fd0	cbf7573fc3401d13
292	12	697	15.66,232.90,357.00,22.10|249.33|e2b41d43	228.70,118.11,112.89,17.68|132.40|7aebad3a	4c92a398fe196a3f
293	16	896	16.00,247.92,153.00,30.60|270.91|a433bd70	228.70,595.58,112.89,17.68|609.87|7aebad3a	f6da04b8c89103c8
294	29	1497	16.00,247.92,137.70,30.60|270.91|b8643c07	228.70,595.58,112.89,17.68|609.87|7aebad3a	f40df0f64af891fb
295	42	1896	16.00,247.92,137.70,30.60|270.91|6d1ae74a	228.70,100.42,112.89,17.68|114.71|7aebad3a	85d686cf2280b13c
296	24	1140	16.00,247.92,107.10,30.60|270.91|0d0b4b92	228.70,294.95,112.89,17.68|309.24|7aebad3a	6e4ff37285a16805
297	25	1157	16.00,247.92,137.70,30.60|270.91|c0579e8a	228.70,12.00,112.89,17.68|26.29|7aebad3a	59f491fc4a119b00
298	45	2016	16.00,247.92,107.10,30.60|270.91|1b2f2067	228.70,719.37,112.89,17.68|733.66|7aebad3a	b3f24f5fcf6816b1
299	27	1220	16.00,247.92,137.70,30.60|270.91|90f96215	228.70,135.79,112.89,17.68|150.08|7aebad3a	40542f1d3d721387
300	13	750	16.00,247.92,76.50,30.60|270.91|907dfa50	228.70,401.05,112.89,17.68|415.35|7aebad3a	31f78712e47724fc
301	1	9	99.84,158.40,17.00,20.40|174.53|af50a0fe	32.30,293.61,25.50,28.49|316.62|c7cce240	4b2f9ddeb215aa09
302	1	1	19.25,29.00,4.35,22.10|46.09|abfbd10d	19.25,29.00,4.35,22.10|46.09|abfbd10d	cab0f027f7f89a6f
303	1	1	19.25,29.00,4.35,22.10|46.09|abfbd10d	19.25,29.00,4.35,22.10|46.09|abfbd10d	cab0f027f7f89a6f
304	1	12	141.70,29.85,17.69,23.21|47.80|6bc42385	175.44,639.13,39.12,19.12|654.14|260fbd8e	f3ecaae099e4a47e
305	1	1	15.66,29.00,4.35,22.10|46.09|abfbd10d	15.66,29.00,4.35,22.10|46.09|abfbd10d	6422bd6e577db1df
306	1	21	16.00,247.92,198.90,30.60|270.91|1ae9b123	15.66,778.32,46.54,22.10|795.42|edd8434f	0d72e45ef14abf81
307	29	939	16.00,247.92,198.90,30.60|270.91|15d98f20	34.00,241.90,225.78,17.68|256.19|754db52b	52eeb54e9b06044f
308	5	164	16.00,247.92,168.30,30.60|270.91|d04aa3e6	34.00,798.07,258.08,17.68|812.36|139bf9c5	d7b8db9d2a0fe4db
309	13	388	16.00,247.92,168.30,30.60|270.91|fcb20a2c	34.00,554.97,290.70,17.68|569.26|2d9e60d3	bdad7912ee342293
310	24	882	16.00,247.92,137.70,30.60|270.91|94027df8	34.00,773.75,177.17,17.68|788.05|1d529b53	5fc70c7325834ddc
311	18	588	16.00,247.92,214.20,30.60|270.91|d3ecbec5	34.00,65.05,274.07,17.68|79.35|9df62b42	c9df09b197f1b674
312	1	9	99.84,158.40,17.00,20.40|174.53|af50a0fe	32.30,293.61,25.50,28.49|316.62|c7cce240	a44984adceacc8de
313	1	1	19.25,29.00,4.35,22.10|46.09|abfbd10d	19.25,29.00,4.35,22.10|46.09|abfbd10d	cab0f027f7f89a6f
314	1	1	19.25,29.00,4.35,22.10|46.09|abfbd10d	19.25,29.00,4.35,22.10|46.09|abfbd10d	cab0f027f7f89a6f
315	1	1	19.25,29.00,4.35,22.10|46.09|abfbd10d	19.25,29.00,4.35,22.10|46.09|abfbd10d	cab0f027f7f89a6f
316	7	18	141.70,29.85,17.69,23.21|47.80|6bc42385	174.19,543.80,41.61,19.12|558.80|8c78052a	907f2964d0963293
317	9	589	15.66,232.90,340.00,22.10|249.33|db3f08ba	147.28,577.90,64.44,17.68|592.19|b4260572	4e323de7a10bc8dc
318	16	885	16.00,247.92,76.50,30.60|270.91|b145448b	147.28,719.37,64.44,17.68|733.66|b4260572	7c14cea7c488cd8b
319	19	965	16.00,247.92,137.70,30.60|270.91|e18735ab	147.28,701.69,64.44,17.68|715.98|b4260572	1db4d873a302c443
320	20	1068	16.00,247.92,137.70,30.60|270.91|0f2a0745	147.28,259.58,64.44,17.68|273.87|b4260572	5819728f32445efc
321	36	1733	16.00,247.92,137.70,30.60|270.91|b79d50b5	147.28,330.32,64.44,17.68|344.61|b4260572	29d56350f23f5617
322	17	911	16.00,247.92,198.90,30.60|270.91|46158a17	147.28,684.00,64.44,17.68|698.29|b4260572	448a7f08802d826d
323	14	767	16.00,247.92,107.10,30.60|270.91|b49131a1	147.28,259.58,64.44,17.68|273.87|b4260572	03c591493b125437
324	12	682	16.00,247.92,76.50,30.60|270.91|9a3dd8a4	147.28,312.63,64.44,17.68|326.92|b4260572	9fd0fc62b584580e
325	1	9	99.84,158.40,17.00,20.40|174.53|af50a0fe	32.30,293.61,25.50,28.49|316.62|c7cce240	b12b1f0c72722933
326	1	1	19.25,29.00,4.35,22.10|46.09|abfbd10d	19.25,29.00,4.35,22.10|46.09|abfbd10d	cab0f027f7f89a6f
327	3	14	141.70,29.85,17.69,23.21|47.80|6bc42385	174.19,543.80,41.61,19.12|558.80|8c78052a	e689d6dbb94c33c4
328	3	126	15.66,232.90,357.00,22.10|249.33|6800d992	34.00,241.90,80.27,17.68|256.19|4acebea5	418a47ffe76627fa
329	7	304	16.00,247.92,183.60,30.60|270.91|d621f0d1	34.00,259.58,80.27,17.68|273.87|4acebea5	3846522f4bd93d95
330	11	440	16.00,247.92,214.20,30.60|270.91|a91f51ef	34.00,613.26,80.27,17.68|627.56|4acebea5	4dcbe1769a8afcc4
331	10	373	16.00,247.92,137.70,30.60|270.91|6655cdff	34.00,489.47,80.27,17.68|503.77|4acebea5	29a01095ce48099a
332	6	244	16.00,247.92,76.50,30.60|270.91|694943ed	34.00,542.53,80.27,17.68|556.82|4acebea5	b6d083095bbf08f5
333	8	301	16.00,247.92,168.30,30.60|270.91|59960cbf	34.00,294.95,80.27,17.68|309.24|4acebea5	c5cc0a66e52503bb
334	4	166	16.00,247.92,91.80,30.60|270.91|4762c74f	34.00,507.16,80.27,17.68|521.45|4acebea5	e90d905f7c54a6fb
335	1	9	99.84,158.40,17.00,20.40|174.53|af50a0fe	32.30,293.61,25.50,28.49|316.62|c7cce240	3943724e82457429
336	1	1	19.25,29.00,4.35,22.10|46.09|abfbd10d	19.25,29.00,4.35,22.10|46.09|abfbd10d	cab0f027f7f89a6f
337	5	16	141.70,29.85,17.69,23.21|47.80|6bc42385	174.26,543.80,41.48,19.12|558.80|85c70b66	4a3a1eb775b8e7f5
338	4	203	15.66,232.90,357.00,22.10|249.33|6996ce55	108.70,348.00,246.84,17.68|362.29|602a363f	4c971085440140b0
339	7	320	16.00,247.92,137.70,30.60|270.91|26cef976	108.70,294.95,246.84,17.68|309.24|602a363f	d9c039a4a9fe4432
340	15	635	16.00,247.92,214.20,30.60|270.91|615a7a26	108.70,542.53,246.84,17.68|556.82|602a363f	9d691b0f7acd5d8c
341	13	536	16.00,247.92,137.70,30.60|270.91|752e0ab2	108.70,171.16,246.84,17.68|185.45|602a363f	bad722307e0eb2d2
342	7	313	16.00,247.92,168.30,30.60|270.91|60cbb2c1	108.70,383.37,246.84,17.68|397.66|602a363f	0e7d3c0f32ebe7e5
343	1	9	99.84,158.40,17.00,20.40|174.53|af50a0fe	32.30,293.61,25.50,28.49|316.62|c7cce240	5b1ee5ea15d65d60
344	1	1	19.25,29.00,4.35,22.10|46.09|abfbd10d	19.25,29.00,4.35,22.10|46.09|abfbd10d	cab0f027f7f89a6f
345	1	1	19.25,29.00,4.35,22.10|46.09|abfbd10d	19.25,29.00,4.35,22.10|46.09|abfbd10d	cab0f027f7f89a6f
346	1	12	141.70,29.85,17.69,23.21|47.80|f171d5a5	175.44,639.13,39.12,19.12|654.14|260fbd8e	d22c6f6516ec68e0
347	5	202	16.00,247.92,30.60,30.60|270.91|d9dc1d2f	34.00,65.05,209.63,17.68|79.35|d46284d0	1bf8c380e4e81902
348	8	320	16.00,247.92,107.10,30.60|270.91|3fa81697	34.00,508.49,209.63,17.68|522.78|d46284d0	89ab540ce07974a6
349	11	437	16.00,247.92,229.50,30.60|270.91|a75bcb9a	34.00,349.33,209.63,17.68|363.63|d46284d0	d8ea7b3d7ca10603
350	16	616	16.00,247.92,198.90,30.60|270.91|c338eb0a	34.00,669.65,209.63,17.68|683.94|d46284d0	f1fe992842396066
351	7	295	16.00,247.92,76.50,30.60|270.91|914b2985	34.00,758.07,209.63,17.68|772.36|d46284d0	bb690eecd3451a58
352	5	220	16.00,247.92,107.10,30.60|270.91|eaa6f246	34.00,580.56,209.63,17.68|594.85|d46284d0	57c7cf01b3cddfe8
353	1	11	99.84,158.40,17.00,20.40|174.53|af50a0fe	32.30,314.01,25.50,28.49|337.02|c7cce240	e1b27c8287c9feda
354	1	1	19.25,29.00,4.35,22.10|46.09|abfbd10d	19.25,29.00,4.35,22.10|46.09|abfbd10d	cab0f027f7f89a6f
355	8	19	141.70,29.85,17.69,23.21|47.80|3399a0e6	174.10,543.80,41.79,19.12|558.80|f1070fb5	7a4a08dc7e033f51
356	6	267	16.00,247.92,30.60,30.60|270.91|d9dc1d2f	34.00,560.21,96.58,17.68|574.50|a0dfb76c	d36f72365d59274f
357	14	591	16.00,247.92,137.70,30.60|270.91|11b94614	34.00,737.05,96.58,17.68|751.35|a0dfb76c	5ddc582be4560b35
358	16	635	16.00,247.92,137.70,30.60|270.91|00ee8943	34.00,259.58,96.58,17.68|273.87|a0dfb76c	939b39e219da487c
359	8	316	16.00,247.92,137.70,30.60|270.91|dd3c8c85	34.00,12.00,96.58,17.68|26.29|a0dfb76c	f33385633cdf8d7b
360	14	615	16.00,247.92,122.40,30.60|270.91|029e969b	34.00,684.00,96.58,17.68|698.29|a0dfb76c	90d9c2775d60cb6a
361	19	720	16.00,247.92,153.00,30.60|270.91|6b415555	34.00,12.00,96.58,17.68|26.29|a0dfb76c	eaf64bfa984855de
362	12	463	16.00,247.92,107.10,30.60|270.91|dfd45134	34.00,188.84,96.58,17.68|203.14|a0dfb76c	a23dd3bddbb96a01
363	14	574	16.00,247.92,137.70,30.60|270.91|d20d115e	34.00,135.79,96.58,17.68|150.08|a0dfb76c	bc1076f9cc3ce964
364	6	267	16.00,247.92,168.30,30.60|270.91|8151d89d	34.00,135.79,96.58,17.68|150.08|a0dfb76c	ac770a1e6d52380b
365	1	10	99.84,158.40,17.00,20.40|174.53|af50a0fe	32.30,285.53,25.50,28.49|308.54|c7cce240	ab61d6cf2d17ad7b
366	1	1	19.25,29.00,4.35,22.10|46.09|abfbd10d	19.25,29.00,4.35,22.10|46.09|abfbd10d	cab0f027f7f89a6f
367	1	10	152.81,29.85,17.69,23.21|47.80|c16667ca	175.44,639.13,39.12,19.12|654.14|260fbd8e	28003bc748b6f696
368	1	10	15.66,232.90,357.00,22.10|249.33|f8b6920a	15.66,448.80,68.00,22.10|465.23|0e1cb641	2ec1e7ec6219ec85
369	10	425	16.00,247.92,137.70,30.60|270.91|d5c1231b	213.70,12.00,72.43,17.68|26.29|9e965790	55ee2e14831b814f
370	15	613	16.00,247.92,183.60,30.60|270.91|ff3d2a43	213.70,649.96,72.43,17.68|664.26|9e965790	780beb4ddc064209
371	17	670	16.00,247.92,168.30,30.60|270.91|479016cb	213.70,47.37,72.43,17.68|61.66|9e965790	2a9bcf6761618425
372	14	622	16.00,247.92,91.80,30.60|270.91|f8ff2217	213.70,277.93,72.43,17.68|292.22|9e965790	a580180d46f15f15
373	14	582	16.00,247.92,198.90,30.60|270.91|e755b6fb	213.70,490.81,72.43,17.68|505.10|9e965790	e521f6eaf4144958
374	8	415	16.00,247.92,91.80,30.60|270.91|3940244d	213.70,791.44,72.43,17.68|805.73|9e965790	7499bce73e1f7a34
375	1	10	99.84,158.40,17.00,20.40|174.53|af50a0fe	32.30,285.53,25.50,28.49|308.54|c7cce240	ca28beaa94a1c074
376	1	1	19.25,29.00,4.35,22.10|46.09|abfbd10d	19.25,29.00,4.35,22.10|46.09|abfbd10d	cab0f027f7f89a6f
377	1	1	19.25,29.00,4.35,22.10|46.09|abfbd10d	19.25,29.00,4.35,22.10|46.09|abfbd10d	cab0f027f7f89a6f
378	2	11	152.81,29.85,17.69,23.21|47.80|a449ca00	174.37,543.80,41.25,19.12|558.80|68ab320b	e013fafbbe1f4223
379	1	31	15.66,232.90,357.00,22.10|249.33|6be1d859	15.66,753.10,170.00,22.10|769.53|1dede770	9c771b55f14331b2
380	10	453	16.00,247.92,168.30,30.60|270.91|535f846d	274.85,47.37,64.44,17.68|61.66|5ebdfbda	f151810ecda5ddbb
381	10	473	16.00,247.92,214.20,30.60|270.91|98bcb6ac	274.85,543.86,64.44,17.68|558.15|5ebdfbda	42e19c4b54601d46
382	20	866	16.00,247.92,214.20,30.60|270.91|fe6737a4	274.85,47.37,64.44,17.68|61.66|5ebdfbda	de1b02da74fb55bc
383	14	592	16.00,247.92,205.04,30.60|270.91|59b73354	274.85,277.26,64.44,17.68|291.56|5ebdfbda	e8989cff5de00a9a
384	10	452	16.00,247.92,198.90,30.60|270.91|bfadf887	274.85,312.63,64.44,17.68|326.92|5ebdfbda	896bedf81781f9a0
385	5	272	16.00,247.92,76.50,30.60|270.91|a6910304	274.85,471.79,64.44,17.68|486.08|5ebdfbda	015df83e2e8bb3a2
386	1	11	99.84,158.40,17.00,20.40|174.53|af50a0fe	32.30,314.01,25.50,28.49|337.02|c7cce240	3bcaddb92c794999
387	1	1	19.25,29.00,4.35,22.10|46.09|abfbd10d	19.25,29.00,4.35,22.10|46.09|abfbd10d	cab0f027f7f89a6f
388	1	12	141.70,29.85,17.69,23.21|47.80|8a8df676	175.44,639.13,39.12,19.12|654.14|260fbd8e	55493ee5cf181aec
389	8	456	16.00,247.92,91.80,30.60|270.91|adea8c25	34.00,807.79,250.08,17.68|822.08|27be0883	91f39cd29cac7510
390	20	898	16.00,247.92,168.30,30.60|270.91|824f832c	34.00,648.63,250.08,17.68|662.93|27be0883	b59e4565b242a4e6
391	19	852	16.00,247.92,153.00,30.60|270.91|13cd26f0	34.00,418.74,250.08,17.68|433.03|27be0883	6c13ea8236e18427
392	21	945	16.00,247.92,91.80,30.60|270.91|14ccbb00	34.00,684.00,250.08,17.68|698.29|27be0883	56a3a73487f9a5b7
393	15	686	16.00,247.92,76.50,30.60|270.91|8758269b	34.00,401.05,250.08,17.68|415.35|27be0883	699f26a066d0c26e
394	11	541	16.00,247.92,76.50,30.60|270.91|45b32758	34.00,206.53,250.08,17.68|220.82|27be0883	c247e4d724df01cd
395	1	3	161.00,253.69,68.00,22.10|270.67|60d79911	42.00,275.79,306.00,22.79|294.20|dc42cf3f	cf3c1059396c19e0
396	1	1	19.25,29.00,4.35,22.10|46.09|abfbd10d	19.25,29.00,4.35,22.10|46.09|abfbd10d	cab0f027f7f89a6f
397	3	137	15.66,232.90,357.00,22.10|249.33|0b8dbf1a	34.00,630.95,96.74,17.68|645.24|7bb33153	da4899554540973c
398	6	247	16.00,247.92,122.40,30.60|270.91|4ed77fa5	34.00,737.05,96.74,17.68|751.35|7bb33153	c7ee668dc389cc66
399	10	400	16.00,247.92,137.70,30.60|270.91|2b5912c6	34.00,188.84,96.74,17.68|203.14|7bb33153	ff0ee2ae40dd11fe
400	5	202	16.00,247.92,137.70,30.60|270.91|296d1169	34.00,383.37,96.74,17.68|397.66|7bb33153	7f43e7a52ca2085e
401	1	1	15.66,29.00,4.35,22.10|46.09|abfbd10d	15.66,29.00,4.35,22.10|46.09|abfbd10d	6422bd6e577db1df
402	1	1	19.25,29.00,4.35,22.10|46.09|abfbd10d	19.25,29.00,4.35,22.10|46.09|abfbd10d	cab0f027f7f89a6f
403	1	3	169.50,253.69,51.00,22.10|270.67|9134b008	93.00,275.79,204.00,22.79|294.20|15f5b8bf	8df0dc8b6ccc39a7
404	13	508	15.66,232.90,229.50,22.10|249.33|61793551	34.00,755.40,128.88,17.68|769.70|40a3c1e9	a55d1fe061ea3e2c
405	1	9	99.84,158.40,17.00,20.40|174.53|af50a0fe	32.30,293.61,25.50,28.49|316.62|c7cce240	1abc34d54a1ec2d4
406	1	12	141.70,29.85,17.69,23.21|47.80|6bc42385	175.44,639.13,39.12,19.12|654.14|260fbd8e	6b31fae422402200
407	9	350	16.00,247.92,76.50,30.60|270.91|8b6637af	319.85,802.53,16.15,17.68|816.82|eb0d5884	5a8b064440795b6c
408	17	627	16.00,247.92,183.60,30.60|270.91|c815f307	34.00,118.11,152.86,17.68|132.40|44077c2f	79f8b0b569e8c2e0
409	37	1425	16.00,247.92,275.40,30.60|270.91|7a63f532	78.70,118.11,72.43,17.68|132.40|de154ca7	edd0ed6aa73828ff
410	27	1046	16.00,247.92,137.70,30.60|270.91|9186679c	34.00,188.84,169.33,17.68|203.14|2ac96ae8	b0096689d8ea92d2
411	27	1006	16.00,247.92,153.00,30.60|270.91|d10483a8	34.00,348.67,266.23,17.68|362.96|09669955	7516345f50b31a17
412	8	333	16.00,247.92,168.30,30.60|270.91|17336359	276.00,812.45,72.43,17.68|826.75|3b3e2815	3182a1181b7f826a
413	6	181	16.00,247.92,76.50,30.60|270.91|410f5346	34.00,656.55,32.30,17.68|670.85|47edc833	08eea3fb935ac278
414	1	8	99.84,158.40,17.00,20.40|174.53|af50a0fe	32.30,265.13,25.50,28.49|288.14|c7cce240	b8af5d915b9b6565
415	1	1	19.25,29.00,4.35,22.10|46.09|abfbd10d	19.25,29.00,4.35,22.10|46.09|abfbd10d	cab0f027f7f89a6f
416	1	10	152.81,29.85,17.69,23.21|47.80|cf4c4cd8	175.44,639.13,39.12,19.12|654.14|260fbd8e	443e63311a23e734
417	1	14	15.66,232.90,357.00,22.10|249.33|1d1d762f	15.66,537.20,170.00,22.10|553.63|4be27a14	71cb11a7749a71b8
418	2	47	16.00,247.92,30.60,30.60|270.91|ef6fba91	34.00,383.21,88.58,17.68|397.50|6468738b	00861b87462042c6
419	9	310	16.00,247.92,214.20,30.60|270.91|a826593c	34.00,442.03,274.55,17.68|456.32|2e3263ea	a501cce6611bf01e
420	8	305	16.00,247.92,229.50,30.60|270.91|96794217	34.00,763.41,120.88,17.68|777.70|e1fe077c	4a8dd3587122030a
421	12	391	16.00,247.92,214.20,30.60|270.91|10401f78	153.70,65.05,72.43,17.68|79.35|cfa33909	78e37cd0c1b275ae
422	12	483	16.00,247.92,107.10,30.60|270.91|4eba39a7	34.00,667.65,298.53,17.68|681.94|f768a9b3	1ed36b18dadf12eb
423	2	75	16.00,247.92,76.50,30.60|270.91|bd2cd5cf	78.70,727.27,120.88,17.68|741.56|d153c59f	39b66ccccf163b1c
424	1	8	99.84,158.40,17.00,20.40|174.53|af50a0fe	32.30,265.13,25.50,28.49|288.14|c7cce240	4ccff782950bf14b
425	1	1	19.25,29.00,4.35,22.10|46.09|abfbd10d	19.25,29.00,4.35,22.10|46.09|abfbd10d	cab0f027f7f89a6f
426	1	10	152.81,29.85,17.69,23.21|47.80|6379ede5	175.44,639.13,39.12,19.12|654.14|260fbd8e	ee3b795b6a50f494
427	5	144	16.00,247.92,153.00,30.60|270.91|5ededf31	34.00,188.84,161.02,17.68|203.14|e0c5afce	bd9dee41246eb275
428	16	608	16.00,247.92,107.10,30.60|270.91|6fd16ee0	34.00,278.60,206.01,18.35|293.40|45427957	304c8de8e2b7cbdf
429	5	173	16.00,247.92,153.00,30.60|270.91|bd2f0d41	34.00,604.21,24.14,17.68|618.50|3e01ad38	1fd3522e060513ff
430	9	318	16.00,247.92,198.90,30.60|270.91|8f38a872	34.00,334.61,96.74,17.68|348.90|9709b93d	6ee08fbe30bf2237
431	21	785	16.00,247.92,137.70,30.60|270.91|ad1a8c37	243.70,418.74,64.44,17.68|433.03|cc37f4fe	40f0482e48d4322c
432	6	207	16.00,247.92,153.00,30.60|270.91|fda10055	108.70,65.05,72.43,17.68|79.35|d6ff627f	e27aefe21d450ac6
433	13	523	16.00,247.92,91.80,30.60|270.91|8b5573a3	34.00,65.05,153.18,17.68|79.35|2cff885c	454469d052e971da
434	21	750	16.00,247.92,91.80,30.60|270.91|496dfa25	34.00,100.42,201.63,17.68|114.71|92b53109	fc0847c2f8690732
435	14	549	16.00,247.92,137.70,30.60|270.91|e05f5f51	34.00,545.86,104.73,17.68|560.15|bb88652c	b98df9ee7e14c253
436	2	55	16.00,247.92,30.60,30.60|270.91|4c79dee3	34.00,519.54,295.77,17.68|533.83|f40ab508	feba83392b1ea462
437	1	8	99.84,158.40,17.00,20.40|174.53|af50a0fe	32.30,265.13,25.50,28.49|288.14|c7cce240	6be76691dca9610f
438	1	1	19.25,29.00,4.35,22.10|46.09|abfbd10d	19.25,29.00,4.35,22.10|46.09|abfbd10d	cab0f027f7f89a6f
439	1	10	152.81,29.85,17.69,23.21|47.80|39071237	175.44,639.13,39.12,19.12|654.14|260fbd8e	6542efb75f9af75a
440	3	102	16.00,247.92,30.60,30.60|270.91|d9dc1d2f	34.00,607.96,56.28,17.68|622.25|7c38286e	d4e1a0672836c235
441	22	902	16.00,247.92,76.50,30.60|270.91|944d1670	108.70,665.06,112.57,17.68|679.35|ad6ad658	6a43a20e3392112b
442	24	900	16.00,247.92,76.50,30.60|270.91|64367a3d	229.85,383.37,80.43,17.68|397.66|857fe3c7	76daf3eb05f45728
443	16	640	16.00,247.92,137.70,30.60|270.91|9ab0cde2	34.00,702.35,112.89,17.68|716.64|4bf09d7f	9f50e2412228b800
444	26	1052	16.00,247.92,214.20,30.60|270.91|cad42ce8	34.00,277.26,32.14,17.68|291.56|3cb7fd5f	fd71303a4d89de7b
445	22	811	16.00,247.92,168.30,30.60|270.91|7a948aa0	64.00,537.97,258.40,17.68|552.26|955d192a	3a7e8d50dca72aac
446	2	58	16.00,247.92,30.60,30.60|270.91|4c79dee3	34.00,585.86,120.88,17.68|600.15|1340f1a3	c67d786bacd667ed
447	1	9	99.84,158.40,17.00,20.40|174.53|af50a0fe	32.30,293.61,25.50,28.49|316.62|c7cce240	f796ef9b1804547e
448	2	30	15.66,232.90,357.00,22.10|249.33|c8dce879	15.66,78.30,238.00,22.10|94.73|a6627293	c65116e3991db83d
449	4	139	16.00,247.92,137.70,30.60|270.91|99a29b4b	228.70,758.28,64.44,17.68|772.58|89e41723	1400e9417747acf5
450	21	688	16.00,247.92,137.70,30.60|270.91|17a1c314	34.00,65.05,40.13,17.68|79.35|610ee1ac	3ad906f8ac99dbc4
451	14	568	16.00,247.92,183.60,30.60|270.91|b8b594a3	34.00,793.44,145.03,17.68|807.73|101daff4	c26888726e1f287d
452	8	295	16.00,247.92,214.20,30.60|270.91|22c2b9b7	183.70,507.16,64.44,17.68|521.45|b32a7340	94d9271bb5351649
453	7	223	16.00,247.92,137.70,30.60|270.91|ca3d0c72	34.00,383.23,193.64,17.68|397.52|1db16c02	42c97f1b1fb5cfc4
454	1	9	99.84,158.40,17.00,20.40|174.53|af50a0fe	32.30,293.61,25.50,28.49|316.62|22babb02	000e0aa5a977b650
455	2	60	16.00,247.92,137.70,30.60|270.91|673ee42e	34.00,410.41,48.29,17.68|424.70|72088983	135893295584757e
456	9	320	16.00,247.92,153.00,30.60|270.91|d234ab93	183.70,243.23,72.43,17.68|257.52|100af85f	13b4213963cc36f9
457	14	550	16.00,247.92,137.70,30.60|270.91|673ee42e	34.00,666.32,241.77,17.68|680.61|e1ad00c3	3025f119610d2393
